----insert into doctor_pig_dailies(farm_id,sum_at,sow_ph_start,sow_ph_reserve_in,sow_cf_start,boar_start,sow_ph_end) values
----(1,'2017-12-01',2,4,2,2,3),(1,'2017-12-02',2,3,2,2,4),
----(2,'2017-12-01',2,4,2,2,3),(2,'2017-12-02',2,3,2,2,4),
----(3,'2017-12-01',2,4,2,1,4),
----(1,'2017-11-03',2,4,2,1,4),
----(1,'2017-11-06',2,4,2,1,4),
----(1,'2017-11-30',2,4,2,1,4);
--
----org 2 pig_type 4 type 1 12
---- org 2 pig_type 3 type 2 11
----insert into doctor_warehouse_material_apply(farm_id,apply_date,quantity,unit_price,apply_type,type,pig_barn_id)values (1,'2017-11-01',11,4,0,1,1);
----insert into doctor_warehouse_material_apply(farm_id,apply_date,quantity,unit_price,apply_type,type,pig_barn_id)values (1,'2017-11-01',1,4,0,1,1);
----insert into doctor_warehouse_material_apply(farm_id,apply_date,quantity,unit_price,apply_type,type,pig_barn_id)values (1,'2017-11-01',11,4,0,2,2);
----insert into doctor_warehouse_material_apply(farm_id,apply_date,quantity,unit_price,apply_type,type,pig_barn_id)values (1,'2017-11-01',1,4,1,1,4);
----insert into doctor_warehouse_material_apply(farm_id,apply_date,quantity,unit_price,apply_type,type,pig_barn_id)values (1,'2017-11-01',2,4,1,2,4);
----insert into doctor_warehouse_material_apply(farm_id,apply_date,quantity,unit_price,apply_type,type,pig_barn_id)values (2,'2017-11-02',9,4,0,2,3);
----
----insert into doctor_barns(id,pig_type)values (1,4),(2,3),(3,3),(4,7);
----
----insert into doctor_farms(id,org_id)values (1,2),(2,4);
--
--
--
INSERT INTO doctor_warehouse_material_apply (id, material_handle_id, org_id, farm_id, warehouse_id, warehouse_type, warehouse_name, pig_barn_id, pig_barn_name, pig_type, pig_group_id, pig_group_name, material_id, apply_date, apply_staff_id, apply_staff_name, apply_year, apply_month, material_name, type, unit, quantity, unit_price, created_at, updated_at, apply_type) VALUES (1, 4, 95, 92, 62, 1, '饲料仓库', 2495, '后备20舍', 4, null, null, 13, '2017-11-28 08:00:00', null, null, 2017, 11, '育肥料', 1, '克', 1.00, 3300, '2017-11-28 15:58:16', '2017-11-28 15:58:16', 0);
INSERT INTO doctor_orgs (id, name, mobile, license, out_id, extra, created_at, updated_at, parent_id, type) VALUES (1, '灵宝融利实业有限公司', '17719671878', null, '1a26d37a-e904-483a-a63d-50cd4da50f2c', null, '2016-08-18 01:25:34', '2016-08-18 01:25:34', null, null);


INSERT INTO doctor_pig_events ( org_id, org_name, farm_id, farm_name, pig_id, pig_code, is_auto, event_at, type, kind, name, `desc`, barn_id, barn_name, barn_type, rel_event_id, rel_group_event_id, rel_pig_event_id, change_type_id, basic_id, basic_name, customer_id, customer_name, vaccination_id, vaccination_name, price, amount, quantity, weight, pig_status_before, pig_status_after, parity, is_impregnation, is_delivery, preg_days, feed_days, preg_check_result, dp_npd, pf_npd, pl_npd, ps_npd, py_npd, pt_npd, jp_npd, npd, group_id, farrow_weight, live_count, health_count, weak_count, mny_count, jx_count, dead_count, black_count, wean_count, wean_avg_weight, current_mating_count, check_date, matting_date, farrowing_date, abortion_date, partwean_date, judge_preg_date, doctor_mate_type, mate_type, boar_code, out_id, status, event_source, extra, source, breed_id, breed_name, breed_type_id, breed_type_name, boar_type, remark, operator_id, operator_name, creator_id, creator_name, updator_id, updator_name, created_at, updated_at) VALUES
( 1, '灵宝融利实业有限公司', 1, '融利实业种猪场', 8823, 'LY10123', null, '2012-02-22', 7, 1, '进场', '品种：二元', 23, '后备4D2', 4, null, null, null, null, null, null, null, null, null, null, null, null, null, null, 1, 1, 1, null, null, null, null, null, 0, 0, 0, 0, 0, 0, 0, 0, null, null, null, null, null, null, null, null, null, null, null, null, null, null, null, null, null, null, null, null, null, '30f1502b-5e48-491b-8116-43eb95447eb1', 1, 3, '{"pigType":1,"pigCode":"LY10123","birthday":1309337407000,"inFarmDate":1329900607000,"barnId":23,"barnName":"后备4D2","source":1,"breed":2,"breedName":"二元","entryMark":"系统自动生成的进场事件[来自猪群：后备7D]","earCode":"LY10123","parity":1,"left":0,"right":0}', 1, 2, '二元', null, null, null, '系统自动生成的进场事件[来自猪群：后备7D]', null, null, null, null, null, null, '2016-08-18 18:08:47', '2017-07-20 12:55:20');
INSERT INTO doctor_pig_events ( org_id, org_name, farm_id, farm_name, pig_id, pig_code, is_auto, event_at, type, kind, name, `desc`, barn_id, barn_name, barn_type, rel_event_id, rel_group_event_id, rel_pig_event_id, change_type_id, basic_id, basic_name, customer_id, customer_name, vaccination_id, vaccination_name, price, amount, quantity, weight, pig_status_before, pig_status_after, parity, is_impregnation, is_delivery, preg_days, feed_days, preg_check_result, dp_npd, pf_npd, pl_npd, ps_npd, py_npd, pt_npd, jp_npd, npd, group_id, farrow_weight, live_count, health_count, weak_count, mny_count, jx_count, dead_count, black_count, wean_count, wean_avg_weight, current_mating_count, check_date, matting_date, farrowing_date, abortion_date, partwean_date, judge_preg_date, doctor_mate_type, mate_type, boar_code, out_id, status, event_source, extra, source, breed_id, breed_name, breed_type_id, breed_type_name, boar_type, remark, operator_id, operator_name, creator_id, creator_name, updator_id, updator_name, created_at, updated_at)
VALUES ( 1, '灵宝融利实业有限公司', 1, '融利实业种猪场', 8823, 'LY10123', null, '2012-02-28', 9, 1, '配种', '预产期：2012-06-21#公猪号：D242703', 23, '后备4D2', 4, 15053, null, null, null, null, null, null, null, null, null, null, null, null, null, 1, 3, 1, 1, 1, null, null, null, 0, 0, 0, 0, 0, 0, 0, 0, null, null, null, null, null, null, null, null, null, null, null, 1, null, '2012-02-28 19:50:11', null, null, null, '2012-06-21', 1, null, 'D242703', '8939dc0b-4447-4ecc-a7a7-7126380e3328', 1, 3, '{"matingDate":1330429811000,"matingBoarPigId":8756,"matingBoarPigCode":"D242703","judgePregDate":1340279411000,"matingStaff":"李爽","mattingMark":"2/不稳、3、3"}', null, null, null, null, null, null, '2/不稳、3、3', null, null, null, null, null, null, '2016-08-18 18:08:47', '2017-07-20 12:55:20');
INSERT INTO doctor_pig_events ( org_id, org_name, farm_id, farm_name, pig_id, pig_code, is_auto, event_at, type, kind, name, `desc`, barn_id, barn_name, barn_type, rel_event_id, rel_group_event_id, rel_pig_event_id, change_type_id, basic_id, basic_name, customer_id, customer_name, vaccination_id, vaccination_name, price, amount, quantity, weight, pig_status_before, pig_status_after, parity, is_impregnation, is_delivery, preg_days, feed_days, preg_check_result, dp_npd, pf_npd, pl_npd, ps_npd, py_npd, pt_npd, jp_npd, npd, group_id, farrow_weight, live_count, health_count, weak_count, mny_count, jx_count, dead_count, black_count, wean_count, wean_avg_weight, current_mating_count, check_date, matting_date, farrowing_date, abortion_date, partwean_date, judge_preg_date, doctor_mate_type, mate_type, boar_code, out_id, status, event_source, extra, source, breed_id, breed_name, breed_type_id, breed_type_name, boar_type, remark, operator_id, operator_name, creator_id, creator_name, updator_id, updator_name, created_at, updated_at) VALUES
( 2, '灵宝融利实业有限公司', 2, '融利实业种猪场', 8823, 'LY10123', null, '2012-02-22', 7, 1, '进场', '品种：二元', 23, '后备4D2', 4, null, null, null, null, null, null, null, null, null, null, null, null, null, null, 1, 1, 1, null, null, null, null, null, 0, 0, 0, 0, 0, 0, 0, 0, null, null, null, null, null, null, null, null, null, null, null, null, null, null, null, null, null, null, null, null, null, '30f1502b-5e48-491b-8116-43eb95447eb1', 1, 3, '{"pigType":1,"pigCode":"LY10123","birthday":1309337407000,"inFarmDate":1329900607000,"barnId":23,"barnName":"后备4D2","source":1,"breed":2,"breedName":"二元","entryMark":"系统自动生成的进场事件[来自猪群：后备7D]","earCode":"LY10123","parity":1,"left":0,"right":0}', 1, 2, '二元', null, null, null, '系统自动生成的进场事件[来自猪群：后备7D]', null, null, null, null, null, null, '2016-08-18 18:08:47', '2017-07-20 12:55:20');
INSERT INTO doctor_pig_events ( org_id, org_name, farm_id, farm_name, pig_id, pig_code, is_auto, event_at, type, kind, name, `desc`, barn_id, barn_name, barn_type, rel_event_id, rel_group_event_id, rel_pig_event_id, change_type_id, basic_id, basic_name, customer_id, customer_name, vaccination_id, vaccination_name, price, amount, quantity, weight, pig_status_before, pig_status_after, parity, is_impregnation, is_delivery, preg_days, feed_days, preg_check_result, dp_npd, pf_npd, pl_npd, ps_npd, py_npd, pt_npd, jp_npd, npd, group_id, farrow_weight, live_count, health_count, weak_count, mny_count, jx_count, dead_count, black_count, wean_count, wean_avg_weight, current_mating_count, check_date, matting_date, farrowing_date, abortion_date, partwean_date, judge_preg_date, doctor_mate_type, mate_type, boar_code, out_id, status, event_source, extra, source, breed_id, breed_name, breed_type_id, breed_type_name, boar_type, remark, operator_id, operator_name, creator_id, creator_name, updator_id, updator_name, created_at, updated_at)
VALUES ( 2, '灵宝融利实业有限公司', 2, '融利实业种猪场', 8823, 'LY10123', null, '2012-02-22', 9, 1, '配种', '预产期：2012-06-21#公猪号：D242703', 23, '后备4D2', 4, 15053, null, null, null, null, null, null, null, null, null, null, null, null, null, 1, 3, 1, 1, 1, null, null, null, 0, 0, 0, 0, 0, 0, 0, 0, null, null, null, null, null, null, null, null, null, null, null, 1, null, '2012-02-28 19:50:11', null, null, null, '2012-06-21', 1, null, 'D242703', '8939dc0b-4447-4ecc-a7a7-7126380e3328', 1, 3, '{"matingDate":1330429811000,"matingBoarPigId":8756,"matingBoarPigCode":"D242703","judgePregDate":1340279411000,"matingStaff":"李爽","mattingMark":"2/不稳、3、3"}', null, null, null, null, null, null, '2/不稳、3、3', null, null, null, null, null, null, '2016-08-18 18:08:47', '2017-07-20 12:55:20');


insert into doctor_report_materials(id,date_type,orz_type)values(1,3,3),(2,3,3),(3,4,3);

insert into doctor_report_efficiencies(id,date_type,orz_type)values (1,1,2),(2,1,2),(3,3,3);
