INSERT INTO `doctor_filed_urls` (`id`, `name`, `url`, `created_at`, `updated_at`)
VALUES
	(3, 'boarDead', 'http://doctor-test-web.xrnm.com/event/center?kind=2&eventTypes=6&changeTypeId=110', '2018-01-01 00:00:00', '2018-01-01 00:00:00'),
	(4, 'boarWeedOut', 'http://doctor-test-web.xrnm.com/event/center?kind=2&eventTypes=6&changeTypeId=111', '2018-01-01 00:00:00', '2018-01-01 00:00:00'),
	(5, 'boarSale', 'http://doctor-test-web.xrnm.com/event/center?kind=2&eventTypes=6&changeTypeId=109', '2018-01-01 00:00:00', '2018-01-01 00:00:00'),
	(6, 'sowPhWeanOut', 'http://doctor-test-web.xrnm.com/event/center?kind=1&eventTypes=1,12,14&type=12', '2018-01-01 00:00:00', '2018-01-01 00:00:00'),
	(7, 'farrowNest', 'http://doctor-test-web.xrnm.com/event/center?kind=1&eventTypes=15', '2018-01-01 00:00:00', '2018-01-01 00:00:00'),
	(8, 'weanNest', 'http://doctor-test-web.xrnm.com/event/center?kind=1&eventTypes=16', '2018-01-01 00:00:00', '2018-01-01 00:00:00'),
	(9, 'toNursery', 'http://doctor-test-web.xrnm.com/event/center?kind=4&eventTypes=4&otherBarnType=2', '2018-01-01 00:00:00', '2018-01-01 00:00:00'),
	(10, 'pigletSale', 'http://doctor-test-web.xrnm.com/event/center?kind=4&eventTypes=3&changeTypeId=109', '2018-01-01 00:00:00', '2018-01-01 00:00:00'),
	(11, 'turnInto', 'http://doctor-test-web.xrnm.com/event/center?kind=4&eventTypes=2&transGroupType=1', '2018-01-01 00:00:00', '2018-01-01 00:00:00'),
	(12, 'sale', 'http://doctor-test-web.xrnm.com/event/center?kind=4&eventTypes=3&changeTypeId=109', '2018-01-01 00:00:00', '2018-01-01 00:00:00'),
	(13, 'toHoubei', 'http://doctor-test-web.xrnm.com/event/center?kind=4&eventTypes=4&otherBarnType=4', '2018-01-01 00:00:00', '2018-01-01 00:00:00'),
	(14, 'chgFarm', 'http://doctor-test-web.xrnm.com/event/center?kind=4&eventTypes=9', '2018-01-01 00:00:00', '2018-01-01 00:00:00'),
	(15, 'dead', 'http://doctor-test-web.xrnm.com/event/center?kind=4&eventTypes=3&changeTypeId=110', '2018-01-01 00:00:00', '2018-01-01 00:00:00'),
	(16, 'weedOut', 'http://doctor-test-web.xrnm.com/event/center?kind=4&eventTypes=3&changeTypeId=111', '2018-01-01 00:00:00', '2018-01-01 00:00:00'),
	(17, 'otherChange', 'http://doctor-test-web.xrnm.com/event/center?kind=4&eventTypes=3&changeTypeIds=112_113_114', '2018-01-01 00:00:00', '2018-01-01 00:00:00'),
	(18, 'sowPhWeanIn', 'http://doctor-test-web.xrnm.com/event/center?kind=1&eventTypes=1,12,14&type=12', '2018-01-01 00:00:00', '2018-01-01 00:00:00'),
	(19, 'pregPositive', 'http://doctor-test-web.xrnm.com/event/center?kind=1&eventTypes=11&pregCheckResult=1', '2018-01-01 00:00:00', '2018-01-01 00:00:00'),
	(20, 'pregNegative', 'http://doctor-test-web.xrnm.com/event/center?kind=1&eventTypes=11&pregCheckResult=2', '2018-01-01 00:00:00', '2018-01-01 00:00:00'),
	(21, 'pregFanqing', 'http://doctor-test-web.xrnm.com/event/center?kind=1&eventTypes=11&pregCheckResult=4', '2018-01-01 00:00:00', '2018-01-01 00:00:00'),
	(22, 'pregLiuchan', 'http://doctor-test-web.xrnm.com/event/center?kind=1&eventTypes=11&pregCheckResult=3', '2018-01-01 00:00:00', '2018-01-01 00:00:00'),
	(23, 'toFatten', 'http://doctor-test-web.xrnm.com/event/center?kind=4&eventTypes=4&otherBarnType=3', '2018-01-01 00:00:00', '2018-01-01 00:00:00'),
	(24, 'turnSeed', 'http://doctor-test-web.xrnm.com/event/center?kind=4&eventTypes=5', '2018-01-01 00:00:00', '2018-01-01 00:00:00'),
	(25, 'sowDead', 'http://doctor-test-web.xrnm.com/event/center?kind=1&eventTypes=6&changeTypeId=110', '2018-01-01 00:00:00', '2018-01-01 00:00:00'),
	(26, 'sowWeedOut', 'http://doctor-test-web.xrnm.com/event/center?kind=1&eventTypes=6&changeTypeId=111', '2018-01-01 00:00:00', '2018-01-01 00:00:00'),
	(27, 'sowSale', 'http://doctor-test-web.xrnm.com/event/center?kind=1&eventTypes=6&changeTypeId=109', '2018-01-01 00:00:00', '2018-01-01 00:00:00');


INSERT INTO `doctor_report_fields` (`id`, `f_id`, `name`, `report_field`, `type`, `data_formatter`, `created_at`, `updated_at`)
VALUES
	(226, NULL, '后备区', 'DoctorReportReserve', 1, NULL, '2018-01-11 19:55:26', '2018-01-11 19:55:26'),
	(227, 226, '期初存栏', 'start', 2, NULL, '2018-01-11 19:55:26', '2018-01-11 19:55:26'),
	(228, 226, '转入数量', 'turnInto', 2, NULL, '2018-01-11 19:55:27', '2018-01-11 19:55:27'),
	(229, 226, '转种猪数', 'turnSeed', 2, NULL, '2018-01-11 19:55:27', '2018-01-11 19:55:27'),
	(230, 226, '死亡数量', 'dead', 2, NULL, '2018-01-11 19:55:27', '2018-01-11 19:55:27'),
	(231, 226, '淘汰数量', 'weedOut', 2, NULL, '2018-01-11 19:55:27', '2018-01-11 19:55:27'),
	(232, 226, '死淘率', 'deadWeedOutRate', 2, 'percentFormatter', '2018-01-11 19:55:27', '2018-01-11 19:55:27'),
	(233, 226, '转育肥数量', 'toFatten', 2, NULL, '2018-01-11 19:55:27', '2018-01-11 19:55:27'),
	(234, 226, '销售数量', 'sale', 2, NULL, '2018-01-11 19:55:27', '2018-01-11 19:55:27'),
	(235, 226, '转场数量', 'chgFarmOut', 2, NULL, '2018-01-11 19:55:27', '2018-01-11 19:55:27'),
	(236, 226, '其他减少', 'otherChange', 2, NULL, '2018-01-11 19:55:27', '2018-01-11 19:55:27'),
	(237, 226, '日均存栏', 'dailyLivestockOnHand', 2, NULL, '2018-01-11 19:55:27', '2018-01-11 19:55:27'),
	(238, 226, '期末存栏', 'end', 2, NULL, '2018-01-11 19:55:27', '2018-01-11 19:55:27'),
	(239, NULL, '母猪区', 'DoctorReportSow', 1, NULL, '2018-01-11 19:55:27', '2018-01-11 19:55:27'),
	(240, 239, '母猪期初存栏', 'start', 2, NULL, '2018-01-11 19:55:27', '2018-01-11 19:55:27'),
	(241, 239, '死亡数量', 'dead', 2, NULL, '2018-01-11 19:55:27', '2018-01-11 19:55:27'),
	(242, 239, '淘汰数量', 'weedOut', 2, NULL, '2018-01-11 19:55:27', '2018-01-11 19:55:27'),
	(243, 239, '基础母猪死淘率', 'deadWeedOutRate', 2, 'percentFormatter', '2018-01-11 19:55:27', '2018-01-11 19:55:27'),
	(244, 239, '销售数量', 'sale', 2, NULL, '2018-01-11 19:55:27', '2018-01-11 19:55:27'),
	(245, 239, '转场数量', 'chgFarmOut', 2, NULL, '2018-01-11 19:55:27', '2018-01-11 19:55:27'),
	(246, 239, '其他减少', 'otherChange', 2, NULL, '2018-01-11 19:55:27', '2018-01-11 19:55:27'),
	(247, 239, '后备转入', 'houbeiIn', 2, NULL, '2018-01-11 19:55:28', '2018-01-11 19:55:28'),
	(248, 239, '其他转入', 'otherIn', 2, NULL, '2018-01-11 19:55:28', '2018-01-11 19:55:28'),
	(249, 239, '日均存栏', 'dailyLivestockOnHand', 2, NULL, '2018-01-11 19:55:28', '2018-01-11 19:55:28'),
	(250, 239, '母猪期末存栏', 'end', 2, NULL, '2018-01-11 19:55:28', '2018-01-11 19:55:28'),
	(251, NULL, '配怀区', 'DoctorReportMating', 1, NULL, '2018-01-11 19:55:28', '2018-01-11 19:55:28'),
	(252, 251, '期初存栏', 'start', 2, NULL, '2018-01-11 19:55:28', '2018-01-11 19:55:28'),
	(253, 251, '后备转入', 'houbeiIn', 2, NULL, '2018-01-11 19:55:28', '2018-01-11 19:55:28'),
	(254, 251, '断奶转入', 'sowPhWeanIn', 2, NULL, '2018-01-11 19:55:28', '2018-01-11 19:55:28'),
	(255, 251, '其他转入', 'otherIn', 2, NULL, '2018-01-11 19:55:28', '2018-01-11 19:55:28'),
	(256, 251, '死亡数量', 'dead', 2, NULL, '2018-01-11 19:55:28', '2018-01-11 19:55:28'),
	(257, 251, '淘汰数量', 'weedOut', 2, NULL, '2018-01-11 19:55:28', '2018-01-11 19:55:28'),
	(258, 251, '销售数量', 'sale', 2, NULL, '2018-01-11 19:55:28', '2018-01-11 19:55:28'),
	(259, 251, '转场数量', 'chgFarmOut', 2, NULL, '2018-01-11 19:55:28', '2018-01-11 19:55:28'),
	(260, 251, '其他减少', 'otherChange', 2, NULL, '2018-01-11 19:55:28', '2018-01-11 19:55:28'),
	(261, 251, '已配种数量', 'matingSowCount', 2, NULL, '2018-01-11 19:55:28', '2018-01-11 19:55:28'),
	(262, 251, '怀孕母猪数量', 'pregnancySowCount', 2, NULL, '2018-01-11 19:55:28', '2018-01-11 19:55:28'),
	(263, 251, '空怀母猪数量', 'noPregnancySowCount', 2, NULL, '2018-01-11 19:55:28', '2018-01-11 19:55:28'),
	(264, 251, '配种数量', 'matingCount', 2, NULL, '2018-01-11 19:55:28', '2018-01-11 19:55:28'),
	(265, 251, '妊检阳性数量', 'pregPositive', 2, NULL, '2018-01-11 19:55:28', '2018-01-11 19:55:28'),
	(266, 251, '妊检返情数量', 'pregFanqing', 2, NULL, '2018-01-11 19:55:28', '2018-01-11 19:55:28'),
	(267, 251, '妊检阴性数量', 'pregNegative', 2, NULL, '2018-01-11 19:55:28', '2018-01-11 19:55:28'),
	(268, 251, '流产数量', 'pregLiuchan', 2, NULL, '2018-01-11 19:55:29', '2018-01-11 19:55:29'),
	(269, 251, '断奶7日配种率', 'matingRate', 2, 'percentFormatter', '2018-01-11 19:55:29', '2018-01-11 19:55:29'),
	(270, 251, '期末存栏', 'end', 2, NULL, '2018-01-11 19:55:29', '2018-01-11 19:55:29'),
	(271, NULL, '产房区', 'DoctorReportDeliver', 1, NULL, '2018-01-11 19:55:29', '2018-01-11 19:55:29'),
	(272, 271, '期初存栏', 'start', 2, NULL, '2018-01-11 19:55:29', '2018-01-11 19:55:29'),
	(273, 271, '期末存栏', 'end', 2, NULL, '2018-01-11 19:55:29', '2018-01-11 19:55:29'),
	(274, 271, '配怀转入', 'sowCfIn', 2, NULL, '2018-01-11 19:55:29', '2018-01-11 19:55:29'),
	(275, 271, '其他转入', 'otherIn', 2, NULL, '2018-01-11 19:55:29', '2018-01-11 19:55:29'),
	(276, 271, '死亡数量', 'dead', 2, NULL, '2018-01-11 19:55:29', '2018-01-11 19:55:29'),
	(277, 271, '淘汰数量', 'weedOut', 2, NULL, '2018-01-11 19:55:29', '2018-01-11 19:55:29'),
	(278, 271, '销售数量', 'sale', 2, NULL, '2018-01-11 19:55:29', '2018-01-11 19:55:29'),
	(279, 271, '转场数量', 'chgFarmOut', 2, NULL, '2018-01-11 19:55:29', '2018-01-11 19:55:29'),
	(280, 271, '断奶转出', 'sowPhWeanOut', 2, NULL, '2018-01-11 19:55:29', '2018-01-11 19:55:29'),
	(281, 271, '其他减少', 'otherChange', 2, NULL, '2018-01-11 19:55:29', '2018-01-11 19:55:29'),
	(282, 271, '前期配种数量', 'earlyMating', 2, NULL, '2018-01-11 19:55:29', '2018-01-11 19:55:29'),
	(283, 271, '前期分娩窝数', 'earlyNest', 2, NULL, '2018-01-11 19:55:29', '2018-01-11 19:55:29'),
	(284, 271, '前推分娩率%', 'earlyNestRate', 2, 'percentFormatter', '2018-01-11 19:55:29', '2018-01-11 19:55:29'),
	(285, 271, '后期分娩窝数', 'laterNest', 2, NULL, '2018-01-11 19:55:29', '2018-01-11 19:55:29'),
	(286, 271, '后推分娩率%', 'laterNestRate', 2, 'percentFormatter', '2018-01-11 19:55:29', '2018-01-11 19:55:29'),
	(287, 271, '分娩窝数', 'farrowNest', 2, NULL, '2018-01-11 19:55:29', '2018-01-11 19:55:29'),
	(288, 271, '产仔总数', 'farrowAll', 2, NULL, '2018-01-11 19:55:29', '2018-01-11 19:55:29'),
	(289, 271, '产活仔数', 'farrowLiving', 2, NULL, '2018-01-11 19:55:30', '2018-01-11 19:55:30'),
	(290, 271, '产健仔数', 'farrowHealth', 2, NULL, '2018-01-11 19:55:30', '2018-01-11 19:55:30'),
	(291, 271, '产弱仔数', 'farrowWeak', 2, NULL, '2018-01-11 19:55:30', '2018-01-11 19:55:30'),
	(292, 271, '死胎数', 'farrowDead', 2, NULL, '2018-01-11 19:55:30', '2018-01-11 19:55:30'),
	(293, 271, '黑木畸数', 'farrowJmh', 2, NULL, '2018-01-11 19:55:30', '2018-01-11 19:55:30'),
	(294, 271, '窝均产仔数', 'pigletCountPerFarrow', 2, NULL, '2018-01-11 19:55:30', '2018-01-11 19:55:30'),
	(295, 271, '窝均活仔数', 'pigletLivingCountPerFarrow', 2, NULL, '2018-01-11 19:55:30', '2018-01-11 19:55:30'),
	(296, 271, '窝均健仔数', 'pigletHealthCountPerFarrow', 2, NULL, '2018-01-11 19:55:30', '2018-01-11 19:55:30'),
	(297, 271, '窝均弱仔数', 'pigletWeakCountPerFarrow', 2, NULL, '2018-01-11 19:55:30', '2018-01-11 19:55:30'),
	(298, 271, '平均窝重', 'avgWeightPerFarrow', 2, NULL, '2018-01-11 19:55:30', '2018-01-11 19:55:30'),
	(299, 271, '初生重', 'firstBornWeight', 2, NULL, '2018-01-11 19:55:30', '2018-01-11 19:55:30'),
	(300, 271, '仔猪期初存栏', 'pigletStart', 2, NULL, '2018-01-11 19:55:30', '2018-01-11 19:55:30'),
	(301, 271, '其他转入（仔猪）', 'pigletOtherIn', 2, NULL, '2018-01-11 19:55:30', '2018-01-11 19:55:30'),
	(302, 271, '转场数量（仔猪）', 'pigletChgFarmOut', 2, NULL, '2018-01-11 19:55:30', '2018-01-11 19:55:30'),
	(303, 271, '转场均重（仔猪）', 'pigletChgFarmOutAvgWeight', 2, NULL, '2018-01-11 19:55:30', '2018-01-11 19:55:30'),
	(304, 271, '转保育数', 'toNursery', 2, NULL, '2018-01-11 19:55:30', '2018-01-11 19:55:30'),
	(305, 271, '转保育均重', 'toNurseryAvgWeight', 2, NULL, '2018-01-11 19:55:30', '2018-01-11 19:55:30'),
	(306, 271, '仔猪死亡数', 'pigletDead', 2, NULL, '2018-01-11 19:55:30', '2018-01-11 19:55:30'),
	(307, 271, '仔猪淘汰数', 'pigletWeedOut', 2, NULL, '2018-01-11 19:55:30', '2018-01-11 19:55:30'),
	(308, 271, '其他减少（仔猪）', 'pigletOtherChange', 2, NULL, '2018-01-11 19:55:30', '2018-01-11 19:55:30'),
	(309, 271, '仔猪死淘率', 'pigletDeadWeedOutRate', 2, 'percentFormatter', '2018-01-11 19:55:30', '2018-01-11 19:55:30'),
	(310, 271, '产房成活率（仔猪）', 'pigletLivingRate', 2, 'percentFormatter', '2018-01-11 19:55:31', '2018-01-11 19:55:31'),
	(311, 271, '断奶窝数', 'weanNest', 2, NULL, '2018-01-11 19:55:31', '2018-01-11 19:55:31'),
	(312, 271, '断奶仔猪数', 'weanCount', 2, NULL, '2018-01-11 19:55:31', '2018-01-11 19:55:31'),
	(313, 271, '断奶合格数', 'weanQualifiedCount', 2, NULL, '2018-01-11 19:55:31', '2018-01-11 19:55:31'),
	(314, 271, '窝均断奶数', 'weanCountPerFarrow', 2, NULL, '2018-01-11 19:55:31', '2018-01-11 19:55:31'),
	(315, 271, '断奶日龄', 'weanDayAge', 2, NULL, '2018-01-11 19:55:31', '2018-01-11 19:55:31'),
	(316, 271, '断奶均重', 'weanWeightPerFarrow', 2, NULL, '2018-01-11 19:55:31', '2018-01-11 19:55:31'),
	(317, 271, '产房转出均重', 'turnOutAvgWeight', 2, NULL, '2018-01-11 19:55:31', '2018-01-11 19:55:31'),
	(318, 271, '产房转出日龄', 'turnOutDay', 2, NULL, '2018-01-11 19:55:31', '2018-01-11 19:55:31'),
	(319, 271, '产房转出均重（28日龄（4周龄重））', 'turnOutAvgWeight28', 2, NULL, '2018-01-11 19:55:31', '2018-01-11 19:55:31'),
	(320, 271, '销售数量（仔猪）', 'pigletSale', 2, NULL, '2018-01-11 19:55:31', '2018-01-11 19:55:31'),
	(321, 271, '销售均重（仔猪）', 'pigletSaleAveWeight', 2, NULL, '2018-01-11 19:55:31', '2018-01-11 19:55:31'),
	(322, 271, '仔猪期末存栏', 'pigletEnd', 2, NULL, '2018-01-11 19:55:31', '2018-01-11 19:55:31'),
	(323, NULL, '保育区', 'DoctorReportNursery', 1, NULL, '2018-01-11 19:55:31', '2018-01-11 19:55:31'),
	(324, 323, '期初存栏', 'start', 2, NULL, '2018-01-11 19:55:31', '2018-01-11 19:55:31'),
	(325, 323, '转入数量', 'turnInto', 2, NULL, '2018-01-11 19:55:31', '2018-01-11 19:55:31'),
	(326, 323, '转入日龄', 'turnIntoAge', 2, NULL, '2018-01-11 19:55:31', '2018-01-11 19:55:31'),
	(327, 323, '转入均重', 'turnIntoAvgWeight', 2, NULL, '2018-01-11 19:55:31', '2018-01-11 19:55:31'),
	(328, 323, '销售数量', 'sale', 2, NULL, '2018-01-11 19:55:31', '2018-01-11 19:55:31'),
	(329, 323, '销售均重', 'saleAvgWeight', 2, NULL, '2018-01-11 19:55:31', '2018-01-11 19:55:31'),
	(330, 323, '转育肥数量', 'toFatten', 2, NULL, '2018-01-11 19:55:31', '2018-01-11 19:55:31'),
	(331, 323, '转育肥均重', 'toFattenAvgWeight', 2, NULL, '2018-01-11 19:55:31', '2018-01-11 19:55:31'),
	(332, 323, '转后备数量', 'toHoubei', 2, NULL, '2018-01-11 19:55:31', '2018-01-11 19:55:31'),
	(333, 323, '转后备均重', 'toHoubeiAvgWeight', 2, NULL, '2018-01-11 19:55:31', '2018-01-11 19:55:31'),
	(334, 323, '转场数量', 'chgFarmOut', 2, NULL, '2018-01-11 19:55:32', '2018-01-11 19:55:32'),
	(335, 323, '转场均重', 'chgFarmAvgWeight', 2, NULL, '2018-01-11 19:55:32', '2018-01-11 19:55:32'),
	(336, 323, '死亡数量', 'dead', 2, NULL, '2018-01-11 19:55:32', '2018-01-11 19:55:32'),
	(337, 323, '淘汰数量', 'weedOut', 2, NULL, '2018-01-11 19:55:32', '2018-01-11 19:55:32'),
	(338, 323, '其他减少', 'otherChange', 2, NULL, '2018-01-11 19:55:32', '2018-01-11 19:55:32'),
	(339, 323, '期末存栏', 'end', 2, NULL, '2018-01-11 19:55:32', '2018-01-11 19:55:32'),
	(340, 323, '日均存栏', 'dailyPigCount', 2, NULL, '2018-01-11 19:55:32', '2018-01-11 19:55:32'),
	(341, 323, '保育转出均重（70日龄（10周龄重））', 'outAvgWeight70', 2, NULL, '2018-01-11 19:55:32', '2018-01-11 19:55:32'),
	(342, 323, '死淘率', 'deadWeedOutRate', 2, 'percentFormatter', '2018-01-11 19:55:32', '2018-01-11 19:55:32'),
	(343, 323, '保育成活率', 'livingRate', 2, 'percentFormatter', '2018-01-11 19:55:32', '2018-01-11 19:55:32'),
	(344, 323, '料肉比（保育）', 'feedMeatRate', 2, NULL, '2018-01-11 19:55:32', '2018-01-11 19:55:32'),
	(345, NULL, '育肥区', 'DoctorReportFatten', 1, NULL, '2018-01-11 19:55:32', '2018-01-11 19:55:32'),
	(346, 345, '期初存栏', 'start', 2, NULL, '2018-01-11 19:55:32', '2018-01-11 19:55:32'),
	(347, 345, '转入数量', 'turnInto', 2, NULL, '2018-01-11 19:55:32', '2018-01-11 19:55:32'),
	(348, 345, '转入日龄', 'turnIntoAge', 2, NULL, '2018-01-11 19:55:32', '2018-01-11 19:55:32'),
	(349, 345, '转入均重', 'turnIntoAvgWeight', 2, NULL, '2018-01-11 19:55:32', '2018-01-11 19:55:32'),
	(350, 345, '销售数量', 'sale', 2, NULL, '2018-01-11 19:55:32', '2018-01-11 19:55:32'),
	(351, 345, '销售均重', 'saleAvgWeight', 2, NULL, '2018-01-11 19:55:32', '2018-01-11 19:55:32'),
	(352, 345, '转后备数量', 'toHoubei', 2, NULL, '2018-01-11 19:55:32', '2018-01-11 19:55:32'),
	(353, 345, '转后备均重', 'toHoubeiAvgWeight', 2, NULL, '2018-01-11 19:55:32', '2018-01-11 19:55:32'),
	(354, 345, '转场数量', 'chgFarmOut', 2, NULL, '2018-01-11 19:55:32', '2018-01-11 19:55:32'),
	(355, 345, '转场均重', 'chgFarmAvgWeight', 2, NULL, '2018-01-11 19:55:32', '2018-01-11 19:55:32'),
	(356, 345, '死亡数量', 'dead', 2, NULL, '2018-01-11 19:55:32', '2018-01-11 19:55:32'),
	(357, 345, '淘汰数量', 'weedOut', 2, NULL, '2018-01-11 19:55:32', '2018-01-11 19:55:32'),
	(358, 345, '其他减少', 'otherChange', 2, NULL, '2018-01-11 19:55:32', '2018-01-11 19:55:32'),
	(359, 345, '期末存栏', 'end', 2, NULL, '2018-01-11 19:55:32', '2018-01-11 19:55:32'),
	(360, 345, '日均存栏', 'dailyPigCount', 2, NULL, '2018-01-11 19:55:33', '2018-01-11 19:55:33'),
	(361, 345, '育肥出栏均重（180日龄（26周龄重））', 'outAvgWeight180', 2, NULL, '2018-01-11 19:55:33', '2018-01-11 19:55:33'),
	(362, 345, '死淘率', 'deadWeedOutRate', 2, 'percentFormatter', '2018-01-11 19:55:33', '2018-01-11 19:55:33'),
	(363, 345, '育肥成活率', 'livingRate', 2, 'percentFormatter', '2018-01-11 19:55:33', '2018-01-11 19:55:33'),
	(364, 345, '料肉比（育肥）', 'feedMeatRate', 2, NULL, '2018-01-11 19:55:33', '2018-01-11 19:55:33'),
	(365, NULL, '公猪区', 'DoctorReportBoar', 1, NULL, '2018-01-11 19:55:33', '2018-01-11 19:55:33'),
	(366, 365, '期初存栏', 'start', 2, NULL, '2018-01-11 19:55:33', '2018-01-11 19:55:33'),
	(367, 365, '转入数量', 'turnInto', 2, NULL, '2018-01-11 19:55:33', '2018-01-11 19:55:33'),
	(368, 365, '死亡数量', 'dead', 2, NULL, '2018-01-11 19:55:33', '2018-01-11 19:55:33'),
	(369, 365, '淘汰数量', 'weedOut', 2, NULL, '2018-01-11 19:55:33', '2018-01-11 19:55:33'),
	(370, 365, '销售数量', 'sale', 2, NULL, '2018-01-11 19:55:33', '2018-01-11 19:55:33'),
	(371, 365, '其他减少', 'otherChange', 2, NULL, '2018-01-11 19:55:33', '2018-01-11 19:55:33'),
	(372, 365, '日均存栏', 'dailyPigCount', 2, NULL, '2018-01-11 19:55:33', '2018-01-11 19:55:33'),
	(373, 365, '期末存栏', 'end', 2, NULL, '2018-01-11 19:55:33', '2018-01-11 19:55:33'),
	(374, NULL, '物料消耗', 'DoctorReportMaterial', 1, NULL, '2018-01-11 19:55:33', '2018-01-11 19:55:33'),
	(375, 374, '后备饲料金额', 'houbeiFeedAmount', 2, NULL, '2018-01-11 19:55:33', '2018-01-11 19:55:33'),
	(376, 374, '后备饲料数量', 'houbeiFeedQuantity', 2, NULL, '2018-01-11 19:55:33', '2018-01-11 19:55:33'),
	(377, 374, '后备原料金额', 'houbeiMaterialAmount', 2, NULL, '2018-01-11 19:55:33', '2018-01-11 19:55:33'),
	(378, 374, '后备原料数量', 'houbeiMaterialQuantity', 2, NULL, '2018-01-11 19:55:33', '2018-01-11 19:55:33'),
	(379, 374, '后备疫苗金额', 'houbeiVaccinationAmount', 2, NULL, '2018-01-11 19:55:33', '2018-01-11 19:55:33'),
	(380, 374, '后备兽药金额', 'houbeiMedicineAmount', 2, NULL, '2018-01-11 19:55:33', '2018-01-11 19:55:33'),
	(381, 374, '后备消耗品金额', 'houbeiConsumeAmount', 2, NULL, '2018-01-11 19:55:33', '2018-01-11 19:55:33'),
	(382, 374, '配怀饲料金额', 'peihuaiFeedAmount', 2, NULL, '2018-01-11 19:55:33', '2018-01-11 19:55:33'),
	(383, 374, '配怀饲料数量', 'peihuaiFeedQuantity', 2, NULL, '2018-01-11 19:55:33', '2018-01-11 19:55:33'),
	(384, 374, '配怀原料金额', 'peihuaiMaterialAmount', 2, NULL, '2018-01-11 19:55:33', '2018-01-11 19:55:33'),
	(385, 374, '配怀原料数量', 'peihuaiMaterialQuantity', 2, NULL, '2018-01-11 19:55:33', '2018-01-11 19:55:33'),
	(386, 374, '配怀疫苗金额', 'peihuaiVaccinationAmount', 2, NULL, '2018-01-11 19:55:33', '2018-01-11 19:55:33'),
	(387, 374, '配怀兽药金额', 'peihuaiMedicineAmount', 2, NULL, '2018-01-11 19:55:33', '2018-01-11 19:55:33'),
	(388, 374, '配怀消耗品金额', 'peihuaiConsumeAmount', 2, NULL, '2018-01-11 19:55:33', '2018-01-11 19:55:33'),
	(389, 374, '产房母猪饲料金额', 'sowFeedAmount', 2, NULL, '2018-01-11 19:55:33', '2018-01-11 19:55:33'),
	(390, 374, '产房母猪饲料数量', 'sowFeedQuantity', 2, NULL, '2018-01-11 19:55:33', '2018-01-11 19:55:33'),
	(391, 374, '产房母猪原料金额', 'sowMaterialAmount', 2, NULL, '2018-01-11 19:55:33', '2018-01-11 19:55:33'),
	(392, 374, '产房母猪原料数量', 'sowMaterialQuantity', 2, NULL, '2018-01-11 19:55:33', '2018-01-11 19:55:33'),
	(393, 374, '产房母猪疫苗金额', 'sowVaccinationAmount', 2, NULL, '2018-01-11 19:55:33', '2018-01-11 19:55:33'),
	(394, 374, '产房母猪兽药金额', 'sowMedicineAmount', 2, NULL, '2018-01-11 19:55:33', '2018-01-11 19:55:33'),
	(395, 374, '产房母猪消耗品金额', 'sowConsumeAmount', 2, NULL, '2018-01-11 19:55:33', '2018-01-11 19:55:33'),
	(396, 374, '产房仔猪饲料金额', 'pigletFeedAmount', 2, NULL, '2018-01-11 19:55:33', '2018-01-11 19:55:33'),
	(397, 374, '产房仔猪饲料数量', 'pigletFeedQuantity', 2, NULL, '2018-01-11 19:55:33', '2018-01-11 19:55:33'),
	(398, 374, '产房仔猪原料金额', 'pigletMaterialAmount', 2, NULL, '2018-01-11 19:55:33', '2018-01-11 19:55:33'),
	(399, 374, '产房仔猪原料数量', 'pigletMaterialQuantity', 2, NULL, '2018-01-11 19:55:33', '2018-01-11 19:55:33'),
	(400, 374, '产房仔猪疫苗金额', 'pigletVaccinationAmount', 2, NULL, '2018-01-11 19:55:33', '2018-01-11 19:55:33'),
	(401, 374, '产房仔猪兽药金额', 'pigletMedicineAmount', 2, NULL, '2018-01-11 19:55:33', '2018-01-11 19:55:33'),
	(402, 374, '产房仔猪消耗品金额', 'pigletConsumeAmount', 2, NULL, '2018-01-11 19:55:33', '2018-01-11 19:55:33'),
	(403, 374, '保育饲料金额', 'baoyuFeedAmount', 2, NULL, '2018-01-11 19:55:33', '2018-01-11 19:55:33'),
	(404, 374, '保育饲料数量', 'baoyuFeedQuantity', 2, NULL, '2018-01-11 19:55:33', '2018-01-11 19:55:33'),
	(405, 374, '保育原料金额', 'baoyuMaterialAmount', 2, NULL, '2018-01-11 19:55:33', '2018-01-11 19:55:33'),
	(406, 374, '保育原料数量', 'baoyuMaterialQuantity', 2, NULL, '2018-01-11 19:55:33', '2018-01-11 19:55:33'),
	(407, 374, '保育疫苗金额', 'baoyuVaccinationAmount', 2, NULL, '2018-01-11 19:55:33', '2018-01-11 19:55:33'),
	(408, 374, '保育兽药金额', 'baoyuMedicineAmount', 2, NULL, '2018-01-11 19:55:33', '2018-01-11 19:55:33'),
	(409, 374, '保育消耗品金额', 'baoyuConsumeAmount', 2, NULL, '2018-01-11 19:55:33', '2018-01-11 19:55:33'),
	(410, 374, '育肥饲料金额', 'yufeiFeedAmount', 2, NULL, '2018-01-11 19:55:33', '2018-01-11 19:55:33'),
	(411, 374, '育肥饲料数量', 'yufeiFeedQuantity', 2, NULL, '2018-01-11 19:55:33', '2018-01-11 19:55:33'),
	(412, 374, '育肥原料金额', 'yufeiMaterialAmount', 2, NULL, '2018-01-11 19:55:33', '2018-01-11 19:55:33'),
	(413, 374, '育肥原料数量', 'yufeiMaterialQuantity', 2, NULL, '2018-01-11 19:55:33', '2018-01-11 19:55:33'),
	(414, 374, '育肥疫苗金额', 'yufeiVaccinationAmount', 2, NULL, '2018-01-11 19:55:33', '2018-01-11 19:55:33'),
	(415, 374, '育肥兽药金额', 'yufeiMedicineAmount', 2, NULL, '2018-01-11 19:55:33', '2018-01-11 19:55:33'),
	(416, 374, '育肥消耗品金额', 'yufeiConsumeAmount', 2, NULL, '2018-01-11 19:55:33', '2018-01-11 19:55:33'),
	(417, 374, '公猪饲料金额', 'boarFeedAmount', 2, NULL, '2018-01-11 19:55:33', '2018-01-11 19:55:33'),
	(418, 374, '公猪饲料数量', 'boarFeedQuantity', 2, NULL, '2018-01-11 19:55:33', '2018-01-11 19:55:33'),
	(419, 374, '公猪原料金额', 'boarMaterialAmount', 2, NULL, '2018-01-11 19:55:33', '2018-01-11 19:55:33'),
	(420, 374, '公猪原料数量', 'boarMaterialQuantity', 2, NULL, '2018-01-11 19:55:33', '2018-01-11 19:55:33'),
	(421, 374, '公猪疫苗金额', 'boarVaccinationAmount', 2, NULL, '2018-01-11 19:55:33', '2018-01-11 19:55:33'),
	(422, 374, '公猪兽药金额', 'boarMedicineAmount', 2, NULL, '2018-01-11 19:55:33', '2018-01-11 19:55:33'),
	(423, 374, '公猪消耗品金额', 'boarConsumeAmount', 2, NULL, '2018-01-11 19:55:33', '2018-01-11 19:55:33'),
	(424, NULL, '效率指标', 'DoctorReportEfficiency', 1, NULL, '2018-01-11 19:55:33', '2018-01-11 19:55:33'),
	(425, 424, '非生产天数', 'npd', 2, NULL, '2018-01-11 19:55:33', '2018-01-11 19:55:33'),
	(426, 424, '年产胎次', 'birthPerYear', 2, NULL, '2018-01-11 19:55:33', '2018-01-11 19:55:33'),
	(427, 424, 'PSY', 'psy', 2, NULL, '2018-01-11 19:55:34', '2018-01-11 19:55:34'),
	(428, 424, '妊娠期', 'pregnancy', 2, NULL, '2018-01-11 19:55:34', '2018-01-11 19:55:34'),
	(429, 424, '哺乳期', 'lactation', 2, NULL, '2018-01-11 19:55:34', '2018-01-11 19:55:34');

INSERT INTO `doctor_report_field_customizes` (`id`, `farm_id`, `type_id`, `field_id`, `created_at`, `updated_at`)
VALUES
	(18753, 1, 226, 227, '2018-01-27 20:11:44', '2018-01-27 20:11:44'),
	(18754, 1, 226, 228, '2018-01-27 20:11:44', '2018-01-27 20:11:44'),
	(18755, 1, 226, 229, '2018-01-27 20:11:44', '2018-01-27 20:11:44'),
	(18756, 1, 226, 230, '2018-01-27 20:11:44', '2018-01-27 20:11:44'),
	(18757, 1, 226, 231, '2018-01-27 20:11:44', '2018-01-27 20:11:44'),
	(18758, 1, 226, 232, '2018-01-27 20:11:44', '2018-01-27 20:11:44'),
	(18759, 1, 226, 233, '2018-01-27 20:11:44', '2018-01-27 20:11:44'),
	(18760, 1, 226, 234, '2018-01-27 20:11:44', '2018-01-27 20:11:44'),
	(18761, 1, 226, 235, '2018-01-27 20:11:44', '2018-01-27 20:11:44'),
	(18762, 1, 226, 236, '2018-01-27 20:11:44', '2018-01-27 20:11:44'),
	(18763, 1, 239, 240, '2018-01-27 20:11:44', '2018-01-27 20:11:44'),
	(18764, 1, 239, 241, '2018-01-27 20:11:44', '2018-01-27 20:11:44'),
	(18765, 1, 239, 242, '2018-01-27 20:11:44', '2018-01-27 20:11:44'),
	(18766, 1, 239, 243, '2018-01-27 20:11:44', '2018-01-27 20:11:44'),
	(18767, 1, 239, 244, '2018-01-27 20:11:44', '2018-01-27 20:11:44'),
	(18768, 1, 239, 245, '2018-01-27 20:11:44', '2018-01-27 20:11:44'),
	(18769, 1, 239, 246, '2018-01-27 20:11:44', '2018-01-27 20:11:44'),
	(18770, 1, 239, 247, '2018-01-27 20:11:44', '2018-01-27 20:11:44'),
	(18771, 1, 239, 248, '2018-01-27 20:11:44', '2018-01-27 20:11:44'),
	(18772, 1, 239, 249, '2018-01-27 20:11:44', '2018-01-27 20:11:44'),
	(18773, 1, 251, 252, '2018-01-27 20:11:44', '2018-01-27 20:11:44'),
	(18774, 1, 251, 253, '2018-01-27 20:11:44', '2018-01-27 20:11:44'),
	(18775, 1, 251, 254, '2018-01-27 20:11:44', '2018-01-27 20:11:44'),
	(18776, 1, 251, 255, '2018-01-27 20:11:44', '2018-01-27 20:11:44'),
	(18777, 1, 251, 256, '2018-01-27 20:11:44', '2018-01-27 20:11:44'),
	(18778, 1, 251, 257, '2018-01-27 20:11:44', '2018-01-27 20:11:44'),
	(18779, 1, 251, 258, '2018-01-27 20:11:44', '2018-01-27 20:11:44'),
	(18780, 1, 251, 259, '2018-01-27 20:11:44', '2018-01-27 20:11:44'),
	(18781, 1, 251, 260, '2018-01-27 20:11:44', '2018-01-27 20:11:44'),
	(18782, 1, 251, 261, '2018-01-27 20:11:44', '2018-01-27 20:11:44'),
	(18783, 1, 271, 272, '2018-01-27 20:11:44', '2018-01-27 20:11:44'),
	(18784, 1, 271, 273, '2018-01-27 20:11:44', '2018-01-27 20:11:44'),
	(18785, 1, 271, 274, '2018-01-27 20:11:44', '2018-01-27 20:11:44'),
	(18786, 1, 271, 275, '2018-01-27 20:11:44', '2018-01-27 20:11:44'),
	(18787, 1, 271, 276, '2018-01-27 20:11:44', '2018-01-27 20:11:44'),
	(18788, 1, 271, 277, '2018-01-27 20:11:44', '2018-01-27 20:11:44'),
	(18789, 1, 271, 278, '2018-01-27 20:11:44', '2018-01-27 20:11:44'),
	(18790, 1, 271, 279, '2018-01-27 20:11:44', '2018-01-27 20:11:44'),
	(18791, 1, 271, 280, '2018-01-27 20:11:44', '2018-01-27 20:11:44'),
	(18792, 1, 271, 281, '2018-01-27 20:11:44', '2018-01-27 20:11:44'),
	(18793, 1, 323, 324, '2018-01-27 20:11:44', '2018-01-27 20:11:44'),
	(18794, 1, 323, 325, '2018-01-27 20:11:44', '2018-01-27 20:11:44'),
	(18795, 1, 323, 326, '2018-01-27 20:11:44', '2018-01-27 20:11:44'),
	(18796, 1, 323, 327, '2018-01-27 20:11:44', '2018-01-27 20:11:44'),
	(18797, 1, 323, 328, '2018-01-27 20:11:44', '2018-01-27 20:11:44'),
	(18798, 1, 323, 329, '2018-01-27 20:11:44', '2018-01-27 20:11:44'),
	(18799, 1, 323, 330, '2018-01-27 20:11:44', '2018-01-27 20:11:44'),
	(18800, 1, 323, 331, '2018-01-27 20:11:44', '2018-01-27 20:11:44'),
	(18801, 1, 323, 332, '2018-01-27 20:11:44', '2018-01-27 20:11:44'),
	(18802, 1, 323, 333, '2018-01-27 20:11:44', '2018-01-27 20:11:44'),
	(18803, 1, 345, 346, '2018-01-27 20:11:44', '2018-01-27 20:11:44'),
	(18804, 1, 345, 347, '2018-01-27 20:11:44', '2018-01-27 20:11:44'),
	(18805, 1, 345, 348, '2018-01-27 20:11:44', '2018-01-27 20:11:44'),
	(18806, 1, 345, 349, '2018-01-27 20:11:44', '2018-01-27 20:11:44'),
	(18807, 1, 345, 350, '2018-01-27 20:11:44', '2018-01-27 20:11:44'),
	(18808, 1, 345, 351, '2018-01-27 20:11:44', '2018-01-27 20:11:44'),
	(18809, 1, 345, 352, '2018-01-27 20:11:44', '2018-01-27 20:11:44'),
	(18810, 1, 345, 353, '2018-01-27 20:11:44', '2018-01-27 20:11:44'),
	(18811, 1, 345, 354, '2018-01-27 20:11:44', '2018-01-27 20:11:44'),
	(18812, 1, 345, 355, '2018-01-27 20:11:44', '2018-01-27 20:11:44'),
	(18813, 1, 365, 366, '2018-01-27 20:11:44', '2018-01-27 20:11:44'),
	(18814, 1, 365, 367, '2018-01-27 20:11:44', '2018-01-27 20:11:44'),
	(18815, 1, 365, 368, '2018-01-27 20:11:44', '2018-01-27 20:11:44'),
	(18816, 1, 365, 369, '2018-01-27 20:11:44', '2018-01-27 20:11:44'),
	(18817, 1, 365, 370, '2018-01-27 20:11:44', '2018-01-27 20:11:44'),
	(18818, 1, 365, 371, '2018-01-27 20:11:44', '2018-01-27 20:11:44'),
	(18819, 1, 365, 372, '2018-01-27 20:11:44', '2018-01-27 20:11:44'),
	(18820, 1, 365, 373, '2018-01-27 20:11:44', '2018-01-27 20:11:44'),
	(18821, 1, 374, 375, '2018-01-27 20:11:44', '2018-01-27 20:11:44'),
	(18822, 1, 374, 376, '2018-01-27 20:11:44', '2018-01-27 20:11:44'),
	(18823, 1, 374, 377, '2018-01-27 20:11:44', '2018-01-27 20:11:44'),
	(18824, 1, 374, 378, '2018-01-27 20:11:44', '2018-01-27 20:11:44'),
	(18825, 1, 374, 379, '2018-01-27 20:11:44', '2018-01-27 20:11:44'),
	(18826, 1, 374, 380, '2018-01-27 20:11:44', '2018-01-27 20:11:44'),
	(18827, 1, 374, 381, '2018-01-27 20:11:44', '2018-01-27 20:11:44'),
	(18828, 1, 374, 382, '2018-01-27 20:11:44', '2018-01-27 20:11:44'),
	(18829, 1, 374, 383, '2018-01-27 20:11:44', '2018-01-27 20:11:44'),
	(18830, 1, 374, 384, '2018-01-27 20:11:44', '2018-01-27 20:11:44'),
	(18831, 1, 424, 425, '2018-01-27 20:11:44', '2018-01-27 20:11:44'),
	(18832, 1, 424, 426, '2018-01-27 20:11:44', '2018-01-27 20:11:44'),
	(18833, 1, 424, 427, '2018-01-27 20:11:44', '2018-01-27 20:11:44'),
	(18834, 1, 424, 428, '2018-01-27 20:11:44', '2018-01-27 20:11:44'),
	(18835, 1, 424, 429, '2018-01-27 20:11:44', '2018-01-27 20:11:44'),
	(18836, 2, 226, 227, '2018-01-27 20:11:44', '2018-01-27 20:11:44'),
	(18837, 2, 226, 228, '2018-01-27 20:11:44', '2018-01-27 20:11:44'),
	(18838, 2, 226, 229, '2018-01-27 20:11:44', '2018-01-27 20:11:44'),
	(18839, 2, 226, 230, '2018-01-27 20:11:44', '2018-01-27 20:11:44'),
	(18840, 2, 226, 231, '2018-01-27 20:11:44', '2018-01-27 20:11:44'),
	(18841, 2, 226, 232, '2018-01-27 20:11:44', '2018-01-27 20:11:44'),
	(18842, 2, 226, 233, '2018-01-27 20:11:44', '2018-01-27 20:11:44'),
	(18843, 2, 226, 234, '2018-01-27 20:11:44', '2018-01-27 20:11:44'),
	(18844, 2, 226, 235, '2018-01-27 20:11:44', '2018-01-27 20:11:44'),
	(18845, 2, 226, 236, '2018-01-27 20:11:44', '2018-01-27 20:11:44'),
	(18846, 2, 239, 240, '2018-01-27 20:11:44', '2018-01-27 20:11:44'),
	(18847, 2, 239, 241, '2018-01-27 20:11:44', '2018-01-27 20:11:44'),
	(18848, 2, 239, 242, '2018-01-27 20:11:44', '2018-01-27 20:11:44'),
	(18849, 2, 239, 243, '2018-01-27 20:11:44', '2018-01-27 20:11:44'),
	(18850, 2, 239, 244, '2018-01-27 20:11:44', '2018-01-27 20:11:44'),
	(18851, 2, 239, 245, '2018-01-27 20:11:44', '2018-01-27 20:11:44'),
	(18852, 2, 239, 246, '2018-01-27 20:11:44', '2018-01-27 20:11:44'),
	(18853, 2, 239, 247, '2018-01-27 20:11:44', '2018-01-27 20:11:44'),
	(18854, 2, 239, 248, '2018-01-27 20:11:44', '2018-01-27 20:11:44'),
	(18855, 2, 239, 249, '2018-01-27 20:11:44', '2018-01-27 20:11:44'),
	(18856, 2, 251, 252, '2018-01-27 20:11:44', '2018-01-27 20:11:44'),
	(18857, 2, 251, 253, '2018-01-27 20:11:44', '2018-01-27 20:11:44'),
	(18858, 2, 251, 254, '2018-01-27 20:11:44', '2018-01-27 20:11:44'),
	(18859, 2, 251, 255, '2018-01-27 20:11:44', '2018-01-27 20:11:44'),
	(18860, 2, 251, 256, '2018-01-27 20:11:44', '2018-01-27 20:11:44'),
	(18861, 2, 251, 257, '2018-01-27 20:11:44', '2018-01-27 20:11:44'),
	(18862, 2, 251, 258, '2018-01-27 20:11:44', '2018-01-27 20:11:44'),
	(18863, 2, 251, 259, '2018-01-27 20:11:44', '2018-01-27 20:11:44'),
	(18864, 2, 251, 260, '2018-01-27 20:11:44', '2018-01-27 20:11:44'),
	(18865, 2, 251, 261, '2018-01-27 20:11:44', '2018-01-27 20:11:44'),
	(18866, 2, 271, 272, '2018-01-27 20:11:44', '2018-01-27 20:11:44'),
	(18867, 2, 271, 273, '2018-01-27 20:11:44', '2018-01-27 20:11:44'),
	(18868, 2, 271, 274, '2018-01-27 20:11:44', '2018-01-27 20:11:44'),
	(18869, 2, 271, 275, '2018-01-27 20:11:44', '2018-01-27 20:11:44'),
	(18870, 2, 271, 276, '2018-01-27 20:11:44', '2018-01-27 20:11:44'),
	(18871, 2, 271, 277, '2018-01-27 20:11:44', '2018-01-27 20:11:44'),
	(18872, 2, 271, 278, '2018-01-27 20:11:44', '2018-01-27 20:11:44'),
	(18873, 2, 271, 279, '2018-01-27 20:11:44', '2018-01-27 20:11:44'),
	(18874, 2, 271, 280, '2018-01-27 20:11:44', '2018-01-27 20:11:44'),
	(18875, 2, 271, 281, '2018-01-27 20:11:44', '2018-01-27 20:11:44'),
	(18876, 2, 323, 324, '2018-01-27 20:11:44', '2018-01-27 20:11:44'),
	(18877, 2, 323, 325, '2018-01-27 20:11:44', '2018-01-27 20:11:44'),
	(18878, 2, 323, 326, '2018-01-27 20:11:44', '2018-01-27 20:11:44'),
	(18879, 2, 323, 327, '2018-01-27 20:11:44', '2018-01-27 20:11:44'),
	(18880, 2, 323, 328, '2018-01-27 20:11:44', '2018-01-27 20:11:44'),
	(18881, 2, 323, 329, '2018-01-27 20:11:44', '2018-01-27 20:11:44'),
	(18882, 2, 323, 330, '2018-01-27 20:11:44', '2018-01-27 20:11:44'),
	(18883, 2, 323, 331, '2018-01-27 20:11:44', '2018-01-27 20:11:44'),
	(18884, 2, 323, 332, '2018-01-27 20:11:44', '2018-01-27 20:11:44'),
	(18885, 2, 323, 333, '2018-01-27 20:11:44', '2018-01-27 20:11:44'),
	(18886, 2, 345, 346, '2018-01-27 20:11:44', '2018-01-27 20:11:44'),
	(18887, 2, 345, 347, '2018-01-27 20:11:44', '2018-01-27 20:11:44'),
	(18888, 2, 345, 348, '2018-01-27 20:11:44', '2018-01-27 20:11:44'),
	(18889, 2, 345, 349, '2018-01-27 20:11:44', '2018-01-27 20:11:44'),
	(18890, 2, 345, 350, '2018-01-27 20:11:44', '2018-01-27 20:11:44'),
	(18891, 2, 345, 351, '2018-01-27 20:11:44', '2018-01-27 20:11:44'),
	(18892, 2, 345, 352, '2018-01-27 20:11:44', '2018-01-27 20:11:44'),
	(18893, 2, 345, 353, '2018-01-27 20:11:44', '2018-01-27 20:11:44'),
	(18894, 2, 345, 354, '2018-01-27 20:11:44', '2018-01-27 20:11:44'),
	(18895, 2, 345, 355, '2018-01-27 20:11:44', '2018-01-27 20:11:44'),
	(18896, 2, 365, 366, '2018-01-27 20:11:44', '2018-01-27 20:11:44'),
	(18897, 2, 365, 367, '2018-01-27 20:11:44', '2018-01-27 20:11:44'),
	(18898, 2, 365, 368, '2018-01-27 20:11:44', '2018-01-27 20:11:44'),
	(18899, 2, 365, 369, '2018-01-27 20:11:44', '2018-01-27 20:11:44'),
	(18900, 2, 365, 370, '2018-01-27 20:11:44', '2018-01-27 20:11:44'),
	(18901, 2, 365, 371, '2018-01-27 20:11:44', '2018-01-27 20:11:44'),
	(18902, 2, 365, 372, '2018-01-27 20:11:44', '2018-01-27 20:11:44'),
	(18903, 2, 365, 373, '2018-01-27 20:11:44', '2018-01-27 20:11:44'),
	(18904, 2, 374, 375, '2018-01-27 20:11:44', '2018-01-27 20:11:44'),
	(18905, 2, 374, 376, '2018-01-27 20:11:44', '2018-01-27 20:11:44'),
	(18906, 2, 374, 377, '2018-01-27 20:11:44', '2018-01-27 20:11:44'),
	(18907, 2, 374, 378, '2018-01-27 20:11:44', '2018-01-27 20:11:44'),
	(18908, 2, 374, 379, '2018-01-27 20:11:44', '2018-01-27 20:11:44'),
	(18909, 2, 374, 380, '2018-01-27 20:11:44', '2018-01-27 20:11:44'),
	(18910, 2, 374, 381, '2018-01-27 20:11:44', '2018-01-27 20:11:44'),
	(18911, 2, 374, 382, '2018-01-27 20:11:44', '2018-01-27 20:11:44'),
	(18912, 2, 374, 383, '2018-01-27 20:11:44', '2018-01-27 20:11:44'),
	(18913, 2, 374, 384, '2018-01-27 20:11:44', '2018-01-27 20:11:44'),
	(18914, 2, 424, 425, '2018-01-27 20:11:44', '2018-01-27 20:11:44'),
	(18915, 2, 424, 426, '2018-01-27 20:11:44', '2018-01-27 20:11:44'),
	(18916, 2, 424, 427, '2018-01-27 20:11:44', '2018-01-27 20:11:44'),
	(18917, 2, 424, 428, '2018-01-27 20:11:44', '2018-01-27 20:11:44'),
	(18918, 2, 424, 429, '2018-01-27 20:11:44', '2018-01-27 20:11:44'),
	(18919, 8, 226, 227, '2018-01-27 20:11:44', '2018-01-27 20:11:44'),
	(18920, 8, 226, 228, '2018-01-27 20:11:44', '2018-01-27 20:11:44'),
	(18921, 8, 226, 229, '2018-01-27 20:11:44', '2018-01-27 20:11:44'),
	(18922, 8, 226, 230, '2018-01-27 20:11:44', '2018-01-27 20:11:44'),
	(18923, 8, 226, 231, '2018-01-27 20:11:44', '2018-01-27 20:11:44'),
	(18924, 8, 226, 232, '2018-01-27 20:11:44', '2018-01-27 20:11:44'),
	(18925, 8, 226, 233, '2018-01-27 20:11:44', '2018-01-27 20:11:44'),
	(18926, 8, 226, 234, '2018-01-27 20:11:44', '2018-01-27 20:11:44'),
	(18927, 8, 226, 235, '2018-01-27 20:11:44', '2018-01-27 20:11:44'),
	(18928, 8, 226, 236, '2018-01-27 20:11:44', '2018-01-27 20:11:44'),
	(18929, 8, 239, 240, '2018-01-27 20:11:44', '2018-01-27 20:11:44'),
	(18930, 8, 239, 241, '2018-01-27 20:11:44', '2018-01-27 20:11:44'),
	(18931, 8, 239, 242, '2018-01-27 20:11:44', '2018-01-27 20:11:44'),
	(18932, 8, 239, 243, '2018-01-27 20:11:44', '2018-01-27 20:11:44'),
	(18933, 8, 239, 244, '2018-01-27 20:11:44', '2018-01-27 20:11:44'),
	(18934, 8, 239, 245, '2018-01-27 20:11:44', '2018-01-27 20:11:44'),
	(18935, 8, 239, 246, '2018-01-27 20:11:44', '2018-01-27 20:11:44'),
	(18936, 8, 239, 247, '2018-01-27 20:11:44', '2018-01-27 20:11:44'),
	(18937, 8, 239, 248, '2018-01-27 20:11:44', '2018-01-27 20:11:44'),
	(18938, 8, 239, 249, '2018-01-27 20:11:44', '2018-01-27 20:11:44'),
	(18939, 8, 251, 252, '2018-01-27 20:11:44', '2018-01-27 20:11:44'),
	(18940, 8, 251, 253, '2018-01-27 20:11:44', '2018-01-27 20:11:44'),
	(18941, 8, 251, 254, '2018-01-27 20:11:44', '2018-01-27 20:11:44'),
	(18942, 8, 251, 255, '2018-01-27 20:11:44', '2018-01-27 20:11:44'),
	(18943, 8, 251, 256, '2018-01-27 20:11:44', '2018-01-27 20:11:44'),
	(18944, 8, 251, 257, '2018-01-27 20:11:44', '2018-01-27 20:11:44'),
	(18945, 8, 251, 258, '2018-01-27 20:11:44', '2018-01-27 20:11:44'),
	(18946, 8, 251, 259, '2018-01-27 20:11:44', '2018-01-27 20:11:44'),
	(18947, 8, 251, 260, '2018-01-27 20:11:44', '2018-01-27 20:11:44'),
	(18948, 8, 251, 261, '2018-01-27 20:11:44', '2018-01-27 20:11:44'),
	(18949, 8, 271, 272, '2018-01-27 20:11:44', '2018-01-27 20:11:44'),
	(18950, 8, 271, 273, '2018-01-27 20:11:44', '2018-01-27 20:11:44'),
	(18951, 8, 271, 274, '2018-01-27 20:11:44', '2018-01-27 20:11:44'),
	(18952, 8, 271, 275, '2018-01-27 20:11:44', '2018-01-27 20:11:44'),
	(18953, 8, 271, 276, '2018-01-27 20:11:44', '2018-01-27 20:11:44'),
	(18954, 8, 271, 277, '2018-01-27 20:11:44', '2018-01-27 20:11:44'),
	(18955, 8, 271, 278, '2018-01-27 20:11:44', '2018-01-27 20:11:44'),
	(18956, 8, 271, 279, '2018-01-27 20:11:44', '2018-01-27 20:11:44'),
	(18957, 8, 271, 280, '2018-01-27 20:11:44', '2018-01-27 20:11:44'),
	(18958, 8, 271, 281, '2018-01-27 20:11:44', '2018-01-27 20:11:44'),
	(18959, 8, 323, 324, '2018-01-27 20:11:44', '2018-01-27 20:11:44'),
	(18960, 8, 323, 325, '2018-01-27 20:11:44', '2018-01-27 20:11:44'),
	(18961, 8, 323, 326, '2018-01-27 20:11:44', '2018-01-27 20:11:44'),
	(18962, 8, 323, 327, '2018-01-27 20:11:44', '2018-01-27 20:11:44'),
	(18963, 8, 323, 328, '2018-01-27 20:11:44', '2018-01-27 20:11:44'),
	(18964, 8, 323, 329, '2018-01-27 20:11:44', '2018-01-27 20:11:44'),
	(18965, 8, 323, 330, '2018-01-27 20:11:44', '2018-01-27 20:11:44'),
	(18966, 8, 323, 331, '2018-01-27 20:11:44', '2018-01-27 20:11:44'),
	(18967, 8, 323, 332, '2018-01-27 20:11:44', '2018-01-27 20:11:44'),
	(18968, 8, 323, 333, '2018-01-27 20:11:44', '2018-01-27 20:11:44'),
	(18969, 8, 345, 346, '2018-01-27 20:11:44', '2018-01-27 20:11:44'),
	(18970, 8, 345, 347, '2018-01-27 20:11:44', '2018-01-27 20:11:44'),
	(18971, 8, 345, 348, '2018-01-27 20:11:44', '2018-01-27 20:11:44'),
	(18972, 8, 345, 349, '2018-01-27 20:11:44', '2018-01-27 20:11:44'),
	(18973, 8, 345, 350, '2018-01-27 20:11:44', '2018-01-27 20:11:44'),
	(18974, 8, 345, 351, '2018-01-27 20:11:44', '2018-01-27 20:11:44'),
	(18975, 8, 345, 352, '2018-01-27 20:11:44', '2018-01-27 20:11:44'),
	(18976, 8, 345, 353, '2018-01-27 20:11:44', '2018-01-27 20:11:44'),
	(18977, 8, 345, 354, '2018-01-27 20:11:44', '2018-01-27 20:11:44'),
	(18978, 8, 345, 355, '2018-01-27 20:11:44', '2018-01-27 20:11:44'),
	(18979, 8, 365, 366, '2018-01-27 20:11:44', '2018-01-27 20:11:44'),
	(18980, 8, 365, 367, '2018-01-27 20:11:44', '2018-01-27 20:11:44'),
	(18981, 8, 365, 368, '2018-01-27 20:11:44', '2018-01-27 20:11:44'),
	(18982, 8, 365, 369, '2018-01-27 20:11:44', '2018-01-27 20:11:44'),
	(18983, 8, 365, 370, '2018-01-27 20:11:44', '2018-01-27 20:11:44'),
	(18984, 8, 365, 371, '2018-01-27 20:11:44', '2018-01-27 20:11:44'),
	(18985, 8, 365, 372, '2018-01-27 20:11:44', '2018-01-27 20:11:44'),
	(18986, 8, 365, 373, '2018-01-27 20:11:44', '2018-01-27 20:11:44'),
	(18987, 8, 374, 375, '2018-01-27 20:11:44', '2018-01-27 20:11:44'),
	(18988, 8, 374, 376, '2018-01-27 20:11:44', '2018-01-27 20:11:44'),
	(18989, 8, 374, 377, '2018-01-27 20:11:44', '2018-01-27 20:11:44'),
	(18990, 8, 374, 378, '2018-01-27 20:11:44', '2018-01-27 20:11:44'),
	(18991, 8, 374, 379, '2018-01-27 20:11:44', '2018-01-27 20:11:44'),
	(18992, 8, 374, 380, '2018-01-27 20:11:44', '2018-01-27 20:11:44'),
	(18993, 8, 374, 381, '2018-01-27 20:11:44', '2018-01-27 20:11:44'),
	(18994, 8, 374, 382, '2018-01-27 20:11:44', '2018-01-27 20:11:44'),
	(18995, 8, 374, 383, '2018-01-27 20:11:44', '2018-01-27 20:11:44'),
	(18996, 8, 374, 384, '2018-01-27 20:11:44', '2018-01-27 20:11:44'),
	(18997, 8, 424, 425, '2018-01-27 20:11:44', '2018-01-27 20:11:44'),
	(18998, 8, 424, 426, '2018-01-27 20:11:44', '2018-01-27 20:11:44'),
	(18999, 8, 424, 427, '2018-01-27 20:11:44', '2018-01-27 20:11:44'),
	(19000, 8, 424, 428, '2018-01-27 20:11:44', '2018-01-27 20:11:44'),
	(19001, 8, 424, 429, '2018-01-27 20:11:44', '2018-01-27 20:11:44'),
	(19002, 16, 226, 227, '2018-01-27 20:11:44', '2018-01-27 20:11:44'),
	(19003, 16, 226, 228, '2018-01-27 20:11:44', '2018-01-27 20:11:44'),
	(19004, 16, 226, 229, '2018-01-27 20:11:44', '2018-01-27 20:11:44'),
	(19005, 16, 226, 230, '2018-01-27 20:11:44', '2018-01-27 20:11:44'),
	(19006, 16, 226, 231, '2018-01-27 20:11:44', '2018-01-27 20:11:44'),
	(19007, 16, 226, 232, '2018-01-27 20:11:44', '2018-01-27 20:11:44'),
	(19008, 16, 226, 233, '2018-01-27 20:11:44', '2018-01-27 20:11:44'),
	(19009, 16, 226, 234, '2018-01-27 20:11:44', '2018-01-27 20:11:44'),
	(19010, 16, 226, 235, '2018-01-27 20:11:44', '2018-01-27 20:11:44'),
	(19011, 16, 226, 236, '2018-01-27 20:11:44', '2018-01-27 20:11:44'),
	(19012, 16, 239, 240, '2018-01-27 20:11:44', '2018-01-27 20:11:44'),
	(19013, 16, 239, 241, '2018-01-27 20:11:44', '2018-01-27 20:11:44'),
	(19014, 16, 239, 242, '2018-01-27 20:11:44', '2018-01-27 20:11:44'),
	(19015, 16, 239, 243, '2018-01-27 20:11:44', '2018-01-27 20:11:44'),
	(19016, 16, 239, 244, '2018-01-27 20:11:44', '2018-01-27 20:11:44'),
	(19017, 16, 239, 245, '2018-01-27 20:11:44', '2018-01-27 20:11:44'),
	(19018, 16, 239, 246, '2018-01-27 20:11:44', '2018-01-27 20:11:44'),
	(19019, 16, 239, 247, '2018-01-27 20:11:44', '2018-01-27 20:11:44'),
	(19020, 16, 239, 248, '2018-01-27 20:11:44', '2018-01-27 20:11:44'),
	(19021, 16, 239, 249, '2018-01-27 20:11:44', '2018-01-27 20:11:44'),
	(19022, 16, 251, 252, '2018-01-27 20:11:44', '2018-01-27 20:11:44'),
	(19023, 16, 251, 253, '2018-01-27 20:11:44', '2018-01-27 20:11:44'),
	(19024, 16, 251, 254, '2018-01-27 20:11:44', '2018-01-27 20:11:44'),
	(19025, 16, 251, 255, '2018-01-27 20:11:44', '2018-01-27 20:11:44'),
	(19026, 16, 251, 256, '2018-01-27 20:11:44', '2018-01-27 20:11:44'),
	(19027, 16, 251, 257, '2018-01-27 20:11:44', '2018-01-27 20:11:44'),
	(19028, 16, 251, 258, '2018-01-27 20:11:44', '2018-01-27 20:11:44'),
	(19029, 16, 251, 259, '2018-01-27 20:11:44', '2018-01-27 20:11:44'),
	(19030, 16, 251, 260, '2018-01-27 20:11:44', '2018-01-27 20:11:44'),
	(19031, 16, 251, 261, '2018-01-27 20:11:44', '2018-01-27 20:11:44'),
	(19032, 16, 271, 272, '2018-01-27 20:11:44', '2018-01-27 20:11:44'),
	(19033, 16, 271, 273, '2018-01-27 20:11:44', '2018-01-27 20:11:44'),
	(19034, 16, 271, 274, '2018-01-27 20:11:44', '2018-01-27 20:11:44'),
	(19035, 16, 271, 275, '2018-01-27 20:11:44', '2018-01-27 20:11:44'),
	(19036, 16, 271, 276, '2018-01-27 20:11:44', '2018-01-27 20:11:44'),
	(19037, 16, 271, 277, '2018-01-27 20:11:44', '2018-01-27 20:11:44'),
	(19038, 16, 271, 278, '2018-01-27 20:11:44', '2018-01-27 20:11:44'),
	(19039, 16, 271, 279, '2018-01-27 20:11:44', '2018-01-27 20:11:44'),
	(19040, 16, 271, 280, '2018-01-27 20:11:44', '2018-01-27 20:11:44'),
	(19041, 16, 271, 281, '2018-01-27 20:11:44', '2018-01-27 20:11:44'),
	(19042, 16, 323, 324, '2018-01-27 20:11:44', '2018-01-27 20:11:44'),
	(19043, 16, 323, 325, '2018-01-27 20:11:44', '2018-01-27 20:11:44'),
	(19044, 16, 323, 326, '2018-01-27 20:11:44', '2018-01-27 20:11:44'),
	(19045, 16, 323, 327, '2018-01-27 20:11:44', '2018-01-27 20:11:44'),
	(19046, 16, 323, 328, '2018-01-27 20:11:44', '2018-01-27 20:11:44'),
	(19047, 16, 323, 329, '2018-01-27 20:11:44', '2018-01-27 20:11:44'),
	(19048, 16, 323, 330, '2018-01-27 20:11:44', '2018-01-27 20:11:44'),
	(19049, 16, 323, 331, '2018-01-27 20:11:44', '2018-01-27 20:11:44'),
	(19050, 16, 323, 332, '2018-01-27 20:11:44', '2018-01-27 20:11:44'),
	(19051, 16, 323, 333, '2018-01-27 20:11:44', '2018-01-27 20:11:44'),
	(19052, 16, 345, 346, '2018-01-27 20:11:44', '2018-01-27 20:11:44'),
	(19053, 16, 345, 347, '2018-01-27 20:11:44', '2018-01-27 20:11:44'),
	(19054, 16, 345, 348, '2018-01-27 20:11:44', '2018-01-27 20:11:44'),
	(19055, 16, 345, 349, '2018-01-27 20:11:44', '2018-01-27 20:11:44'),
	(19056, 16, 345, 350, '2018-01-27 20:11:44', '2018-01-27 20:11:44'),
	(19057, 16, 345, 351, '2018-01-27 20:11:44', '2018-01-27 20:11:44'),
	(19058, 16, 345, 352, '2018-01-27 20:11:44', '2018-01-27 20:11:44'),
	(19059, 16, 345, 353, '2018-01-27 20:11:44', '2018-01-27 20:11:44'),
	(19060, 16, 345, 354, '2018-01-27 20:11:44', '2018-01-27 20:11:44'),
	(19061, 16, 345, 355, '2018-01-27 20:11:44', '2018-01-27 20:11:44'),
	(19062, 16, 365, 366, '2018-01-27 20:11:44', '2018-01-27 20:11:44'),
	(19063, 16, 365, 367, '2018-01-27 20:11:44', '2018-01-27 20:11:44'),
	(19064, 16, 365, 368, '2018-01-27 20:11:44', '2018-01-27 20:11:44'),
	(19065, 16, 365, 369, '2018-01-27 20:11:44', '2018-01-27 20:11:44'),
	(19066, 16, 365, 370, '2018-01-27 20:11:44', '2018-01-27 20:11:44'),
	(19067, 16, 365, 371, '2018-01-27 20:11:44', '2018-01-27 20:11:44'),
	(19068, 16, 365, 372, '2018-01-27 20:11:44', '2018-01-27 20:11:44'),
	(19069, 16, 365, 373, '2018-01-27 20:11:44', '2018-01-27 20:11:44'),
	(19070, 16, 374, 375, '2018-01-27 20:11:44', '2018-01-27 20:11:44'),
	(19071, 16, 374, 376, '2018-01-27 20:11:44', '2018-01-27 20:11:44'),
	(19072, 16, 374, 377, '2018-01-27 20:11:44', '2018-01-27 20:11:44'),
	(19073, 16, 374, 378, '2018-01-27 20:11:44', '2018-01-27 20:11:44'),
	(19074, 16, 374, 379, '2018-01-27 20:11:44', '2018-01-27 20:11:44'),
	(19075, 16, 374, 380, '2018-01-27 20:11:44', '2018-01-27 20:11:44'),
	(19076, 16, 374, 381, '2018-01-27 20:11:44', '2018-01-27 20:11:44'),
	(19077, 16, 374, 382, '2018-01-27 20:11:44', '2018-01-27 20:11:44'),
	(19078, 16, 374, 383, '2018-01-27 20:11:44', '2018-01-27 20:11:44'),
	(19079, 16, 374, 384, '2018-01-27 20:11:44', '2018-01-27 20:11:44'),
	(19080, 16, 424, 425, '2018-01-27 20:11:44', '2018-01-27 20:11:44'),
	(19081, 16, 424, 426, '2018-01-27 20:11:44', '2018-01-27 20:11:44'),
	(19082, 16, 424, 427, '2018-01-27 20:11:44', '2018-01-27 20:11:44'),
	(19083, 16, 424, 428, '2018-01-27 20:11:44', '2018-01-27 20:11:44'),
	(19084, 16, 424, 429, '2018-01-27 20:11:44', '2018-01-27 20:11:44'),
	(19085, 18, 226, 227, '2018-01-27 20:11:44', '2018-01-27 20:11:44'),
	(19086, 18, 226, 228, '2018-01-27 20:11:44', '2018-01-27 20:11:44'),
	(19087, 18, 226, 229, '2018-01-27 20:11:44', '2018-01-27 20:11:44'),
	(19088, 18, 226, 230, '2018-01-27 20:11:44', '2018-01-27 20:11:44'),
	(19089, 18, 226, 231, '2018-01-27 20:11:44', '2018-01-27 20:11:44'),
	(19090, 18, 226, 232, '2018-01-27 20:11:44', '2018-01-27 20:11:44'),
	(19091, 18, 226, 233, '2018-01-27 20:11:44', '2018-01-27 20:11:44'),
	(19092, 18, 226, 234, '2018-01-27 20:11:44', '2018-01-27 20:11:44'),
	(19093, 18, 226, 235, '2018-01-27 20:11:44', '2018-01-27 20:11:44'),
	(19094, 18, 226, 236, '2018-01-27 20:11:44', '2018-01-27 20:11:44'),
	(19095, 18, 239, 240, '2018-01-27 20:11:44', '2018-01-27 20:11:44'),
	(19096, 18, 239, 241, '2018-01-27 20:11:44', '2018-01-27 20:11:44'),
	(19097, 18, 239, 242, '2018-01-27 20:11:44', '2018-01-27 20:11:44'),
	(19098, 18, 239, 243, '2018-01-27 20:11:44', '2018-01-27 20:11:44'),
	(19099, 18, 239, 244, '2018-01-27 20:11:44', '2018-01-27 20:11:44'),
	(19100, 18, 239, 245, '2018-01-27 20:11:44', '2018-01-27 20:11:44'),
	(19101, 18, 239, 246, '2018-01-27 20:11:44', '2018-01-27 20:11:44'),
	(19102, 18, 239, 247, '2018-01-27 20:11:44', '2018-01-27 20:11:44'),
	(19103, 18, 239, 248, '2018-01-27 20:11:44', '2018-01-27 20:11:44'),
	(19104, 18, 239, 249, '2018-01-27 20:11:44', '2018-01-27 20:11:44'),
	(19105, 18, 251, 252, '2018-01-27 20:11:44', '2018-01-27 20:11:44'),
	(19106, 18, 251, 253, '2018-01-27 20:11:44', '2018-01-27 20:11:44'),
	(19107, 18, 251, 254, '2018-01-27 20:11:44', '2018-01-27 20:11:44'),
	(19108, 18, 251, 255, '2018-01-27 20:11:44', '2018-01-27 20:11:44'),
	(19109, 18, 251, 256, '2018-01-27 20:11:44', '2018-01-27 20:11:44'),
	(19110, 18, 251, 257, '2018-01-27 20:11:44', '2018-01-27 20:11:44'),
	(19111, 18, 251, 258, '2018-01-27 20:11:44', '2018-01-27 20:11:44'),
	(19112, 18, 251, 259, '2018-01-27 20:11:44', '2018-01-27 20:11:44'),
	(19113, 18, 251, 260, '2018-01-27 20:11:44', '2018-01-27 20:11:44'),
	(19114, 18, 251, 261, '2018-01-27 20:11:44', '2018-01-27 20:11:44'),
	(19115, 18, 271, 272, '2018-01-27 20:11:44', '2018-01-27 20:11:44'),
	(19116, 18, 271, 273, '2018-01-27 20:11:44', '2018-01-27 20:11:44'),
	(19117, 18, 271, 274, '2018-01-27 20:11:44', '2018-01-27 20:11:44'),
	(19118, 18, 271, 275, '2018-01-27 20:11:44', '2018-01-27 20:11:44'),
	(19119, 18, 271, 276, '2018-01-27 20:11:44', '2018-01-27 20:11:44'),
	(19120, 18, 271, 277, '2018-01-27 20:11:44', '2018-01-27 20:11:44'),
	(19121, 18, 271, 278, '2018-01-27 20:11:44', '2018-01-27 20:11:44'),
	(19122, 18, 271, 279, '2018-01-27 20:11:44', '2018-01-27 20:11:44'),
	(19123, 18, 271, 280, '2018-01-27 20:11:44', '2018-01-27 20:11:44'),
	(19124, 18, 271, 281, '2018-01-27 20:11:44', '2018-01-27 20:11:44'),
	(19125, 18, 323, 324, '2018-01-27 20:11:44', '2018-01-27 20:11:44'),
	(19126, 18, 323, 325, '2018-01-27 20:11:44', '2018-01-27 20:11:44'),
	(19127, 18, 323, 326, '2018-01-27 20:11:44', '2018-01-27 20:11:44'),
	(19128, 18, 323, 327, '2018-01-27 20:11:44', '2018-01-27 20:11:44'),
	(19129, 18, 323, 328, '2018-01-27 20:11:44', '2018-01-27 20:11:44'),
	(19130, 18, 323, 329, '2018-01-27 20:11:44', '2018-01-27 20:11:44'),
	(19131, 18, 323, 330, '2018-01-27 20:11:44', '2018-01-27 20:11:44'),
	(19132, 18, 323, 331, '2018-01-27 20:11:44', '2018-01-27 20:11:44'),
	(19133, 18, 323, 332, '2018-01-27 20:11:44', '2018-01-27 20:11:44'),
	(19134, 18, 323, 333, '2018-01-27 20:11:44', '2018-01-27 20:11:44'),
	(19135, 18, 345, 346, '2018-01-27 20:11:44', '2018-01-27 20:11:44'),
	(19136, 18, 345, 347, '2018-01-27 20:11:44', '2018-01-27 20:11:44'),
	(19137, 18, 345, 348, '2018-01-27 20:11:44', '2018-01-27 20:11:44'),
	(19138, 18, 345, 349, '2018-01-27 20:11:44', '2018-01-27 20:11:44'),
	(19139, 18, 345, 350, '2018-01-27 20:11:44', '2018-01-27 20:11:44'),
	(19140, 18, 345, 351, '2018-01-27 20:11:44', '2018-01-27 20:11:44'),
	(19141, 18, 345, 352, '2018-01-27 20:11:44', '2018-01-27 20:11:44'),
	(19142, 18, 345, 353, '2018-01-27 20:11:44', '2018-01-27 20:11:44'),
	(19143, 18, 345, 354, '2018-01-27 20:11:44', '2018-01-27 20:11:44'),
	(19144, 18, 345, 355, '2018-01-27 20:11:44', '2018-01-27 20:11:44'),
	(19145, 18, 365, 366, '2018-01-27 20:11:44', '2018-01-27 20:11:44'),
	(19146, 18, 365, 367, '2018-01-27 20:11:44', '2018-01-27 20:11:44'),
	(19147, 18, 365, 368, '2018-01-27 20:11:44', '2018-01-27 20:11:44'),
	(19148, 18, 365, 369, '2018-01-27 20:11:44', '2018-01-27 20:11:44'),
	(19149, 18, 365, 370, '2018-01-27 20:11:44', '2018-01-27 20:11:44'),
	(19150, 18, 365, 371, '2018-01-27 20:11:44', '2018-01-27 20:11:44'),
	(19151, 18, 365, 372, '2018-01-27 20:11:44', '2018-01-27 20:11:44'),
	(19152, 18, 365, 373, '2018-01-27 20:11:44', '2018-01-27 20:11:44'),
	(19153, 18, 374, 375, '2018-01-27 20:11:44', '2018-01-27 20:11:44'),
	(19154, 18, 374, 376, '2018-01-27 20:11:44', '2018-01-27 20:11:44'),
	(19155, 18, 374, 377, '2018-01-27 20:11:44', '2018-01-27 20:11:44'),
	(19156, 18, 374, 378, '2018-01-27 20:11:44', '2018-01-27 20:11:44'),
	(19157, 18, 374, 379, '2018-01-27 20:11:44', '2018-01-27 20:11:44'),
	(19158, 18, 374, 380, '2018-01-27 20:11:44', '2018-01-27 20:11:44'),
	(19159, 18, 374, 381, '2018-01-27 20:11:44', '2018-01-27 20:11:44'),
	(19160, 18, 374, 382, '2018-01-27 20:11:44', '2018-01-27 20:11:44'),
	(19161, 18, 374, 383, '2018-01-27 20:11:44', '2018-01-27 20:11:44'),
	(19162, 18, 374, 384, '2018-01-27 20:11:44', '2018-01-27 20:11:44'),
	(19163, 18, 424, 425, '2018-01-27 20:11:44', '2018-01-27 20:11:44'),
	(19164, 18, 424, 426, '2018-01-27 20:11:44', '2018-01-27 20:11:44'),
	(19165, 18, 424, 427, '2018-01-27 20:11:44', '2018-01-27 20:11:44'),
	(19166, 18, 424, 428, '2018-01-27 20:11:44', '2018-01-27 20:11:44'),
	(19167, 18, 424, 429, '2018-01-27 20:11:44', '2018-01-27 20:11:44'),
	(19168, 19, 226, 227, '2018-01-27 20:11:44', '2018-01-27 20:11:44'),
	(19169, 19, 226, 228, '2018-01-27 20:11:44', '2018-01-27 20:11:44'),
	(19170, 19, 226, 229, '2018-01-27 20:11:44', '2018-01-27 20:11:44'),
	(19171, 19, 226, 230, '2018-01-27 20:11:44', '2018-01-27 20:11:44'),
	(19172, 19, 226, 231, '2018-01-27 20:11:44', '2018-01-27 20:11:44'),
	(19173, 19, 226, 232, '2018-01-27 20:11:44', '2018-01-27 20:11:44'),
	(19174, 19, 226, 233, '2018-01-27 20:11:44', '2018-01-27 20:11:44'),
	(19175, 19, 226, 234, '2018-01-27 20:11:44', '2018-01-27 20:11:44'),
	(19176, 19, 226, 235, '2018-01-27 20:11:44', '2018-01-27 20:11:44'),
	(19177, 19, 226, 236, '2018-01-27 20:11:44', '2018-01-27 20:11:44'),
	(19178, 19, 239, 240, '2018-01-27 20:11:44', '2018-01-27 20:11:44'),
	(19179, 19, 239, 241, '2018-01-27 20:11:44', '2018-01-27 20:11:44'),
	(19180, 19, 239, 242, '2018-01-27 20:11:44', '2018-01-27 20:11:44'),
	(19181, 19, 239, 243, '2018-01-27 20:11:44', '2018-01-27 20:11:44'),
	(19182, 19, 239, 244, '2018-01-27 20:11:44', '2018-01-27 20:11:44'),
	(19183, 19, 239, 245, '2018-01-27 20:11:44', '2018-01-27 20:11:44'),
	(19184, 19, 239, 246, '2018-01-27 20:11:44', '2018-01-27 20:11:44'),
	(19185, 19, 239, 247, '2018-01-27 20:11:44', '2018-01-27 20:11:44'),
	(19186, 19, 239, 248, '2018-01-27 20:11:44', '2018-01-27 20:11:44'),
	(19187, 19, 239, 249, '2018-01-27 20:11:44', '2018-01-27 20:11:44'),
	(19188, 19, 251, 252, '2018-01-27 20:11:44', '2018-01-27 20:11:44'),
	(19189, 19, 251, 253, '2018-01-27 20:11:44', '2018-01-27 20:11:44'),
	(19190, 19, 251, 254, '2018-01-27 20:11:44', '2018-01-27 20:11:44'),
	(19191, 19, 251, 255, '2018-01-27 20:11:44', '2018-01-27 20:11:44'),
	(19192, 19, 251, 256, '2018-01-27 20:11:44', '2018-01-27 20:11:44'),
	(19193, 19, 251, 257, '2018-01-27 20:11:44', '2018-01-27 20:11:44'),
	(19194, 19, 251, 258, '2018-01-27 20:11:44', '2018-01-27 20:11:44'),
	(19195, 19, 251, 259, '2018-01-27 20:11:44', '2018-01-27 20:11:44'),
	(19196, 19, 251, 260, '2018-01-27 20:11:44', '2018-01-27 20:11:44'),
	(19197, 19, 251, 261, '2018-01-27 20:11:44', '2018-01-27 20:11:44'),
	(19198, 19, 271, 272, '2018-01-27 20:11:44', '2018-01-27 20:11:44'),
	(19199, 19, 271, 273, '2018-01-27 20:11:44', '2018-01-27 20:11:44'),
	(19200, 19, 271, 274, '2018-01-27 20:11:44', '2018-01-27 20:11:44'),
	(19201, 19, 271, 275, '2018-01-27 20:11:44', '2018-01-27 20:11:44'),
	(19202, 19, 271, 276, '2018-01-27 20:11:44', '2018-01-27 20:11:44'),
	(19203, 19, 271, 277, '2018-01-27 20:11:44', '2018-01-27 20:11:44'),
	(19204, 19, 271, 278, '2018-01-27 20:11:44', '2018-01-27 20:11:44'),
	(19205, 19, 271, 279, '2018-01-27 20:11:44', '2018-01-27 20:11:44'),
	(19206, 19, 271, 280, '2018-01-27 20:11:44', '2018-01-27 20:11:44'),
	(19207, 19, 271, 281, '2018-01-27 20:11:44', '2018-01-27 20:11:44'),
	(19208, 19, 323, 324, '2018-01-27 20:11:44', '2018-01-27 20:11:44'),
	(19209, 19, 323, 325, '2018-01-27 20:11:44', '2018-01-27 20:11:44'),
	(19210, 19, 323, 326, '2018-01-27 20:11:44', '2018-01-27 20:11:44'),
	(19211, 19, 323, 327, '2018-01-27 20:11:44', '2018-01-27 20:11:44'),
	(19212, 19, 323, 328, '2018-01-27 20:11:44', '2018-01-27 20:11:44'),
	(19213, 19, 323, 329, '2018-01-27 20:11:44', '2018-01-27 20:11:44'),
	(19214, 19, 323, 330, '2018-01-27 20:11:44', '2018-01-27 20:11:44'),
	(19215, 19, 323, 331, '2018-01-27 20:11:44', '2018-01-27 20:11:44'),
	(19216, 19, 323, 332, '2018-01-27 20:11:44', '2018-01-27 20:11:44'),
	(19217, 19, 323, 333, '2018-01-27 20:11:44', '2018-01-27 20:11:44'),
	(19218, 19, 345, 346, '2018-01-27 20:11:44', '2018-01-27 20:11:44'),
	(19219, 19, 345, 347, '2018-01-27 20:11:44', '2018-01-27 20:11:44'),
	(19220, 19, 345, 348, '2018-01-27 20:11:44', '2018-01-27 20:11:44'),
	(19221, 19, 345, 349, '2018-01-27 20:11:44', '2018-01-27 20:11:44'),
	(19222, 19, 345, 350, '2018-01-27 20:11:44', '2018-01-27 20:11:44'),
	(19223, 19, 345, 351, '2018-01-27 20:11:44', '2018-01-27 20:11:44'),
	(19224, 19, 345, 352, '2018-01-27 20:11:44', '2018-01-27 20:11:44'),
	(19225, 19, 345, 353, '2018-01-27 20:11:44', '2018-01-27 20:11:44'),
	(19226, 19, 345, 354, '2018-01-27 20:11:44', '2018-01-27 20:11:44'),
	(19227, 19, 345, 355, '2018-01-27 20:11:44', '2018-01-27 20:11:44'),
	(19228, 19, 365, 366, '2018-01-27 20:11:44', '2018-01-27 20:11:44'),
	(19229, 19, 365, 367, '2018-01-27 20:11:44', '2018-01-27 20:11:44'),
	(19230, 19, 365, 368, '2018-01-27 20:11:44', '2018-01-27 20:11:44'),
	(19231, 19, 365, 369, '2018-01-27 20:11:44', '2018-01-27 20:11:44'),
	(19232, 19, 365, 370, '2018-01-27 20:11:44', '2018-01-27 20:11:44'),
	(19233, 19, 365, 371, '2018-01-27 20:11:44', '2018-01-27 20:11:44'),
	(19234, 19, 365, 372, '2018-01-27 20:11:44', '2018-01-27 20:11:44'),
	(19235, 19, 365, 373, '2018-01-27 20:11:44', '2018-01-27 20:11:44'),
	(19236, 19, 374, 375, '2018-01-27 20:11:44', '2018-01-27 20:11:44'),
	(19237, 19, 374, 376, '2018-01-27 20:11:44', '2018-01-27 20:11:44'),
	(19238, 19, 374, 377, '2018-01-27 20:11:44', '2018-01-27 20:11:44'),
	(19239, 19, 374, 378, '2018-01-27 20:11:44', '2018-01-27 20:11:44'),
	(19240, 19, 374, 379, '2018-01-27 20:11:44', '2018-01-27 20:11:44'),
	(19241, 19, 374, 380, '2018-01-27 20:11:44', '2018-01-27 20:11:44'),
	(19242, 19, 374, 381, '2018-01-27 20:11:44', '2018-01-27 20:11:44'),
	(19243, 19, 374, 382, '2018-01-27 20:11:44', '2018-01-27 20:11:44'),
	(19244, 19, 374, 383, '2018-01-27 20:11:44', '2018-01-27 20:11:44'),
	(19245, 19, 374, 384, '2018-01-27 20:11:44', '2018-01-27 20:11:44'),
	(19246, 19, 424, 425, '2018-01-27 20:11:44', '2018-01-27 20:11:44'),
	(19247, 19, 424, 426, '2018-01-27 20:11:44', '2018-01-27 20:11:44'),
	(19248, 19, 424, 427, '2018-01-27 20:11:44', '2018-01-27 20:11:44'),
	(19249, 19, 424, 428, '2018-01-27 20:11:44', '2018-01-27 20:11:44'),
	(19250, 19, 424, 429, '2018-01-27 20:11:44', '2018-01-27 20:11:44'),
	(19251, 20, 226, 227, '2018-01-27 20:11:44', '2018-01-27 20:11:44'),
	(19252, 20, 226, 228, '2018-01-27 20:11:44', '2018-01-27 20:11:44'),
	(19253, 20, 226, 229, '2018-01-27 20:11:44', '2018-01-27 20:11:44'),
	(19254, 20, 226, 230, '2018-01-27 20:11:44', '2018-01-27 20:11:44'),
	(19255, 20, 226, 231, '2018-01-27 20:11:44', '2018-01-27 20:11:44'),
	(19256, 20, 226, 232, '2018-01-27 20:11:44', '2018-01-27 20:11:44'),
	(19257, 20, 226, 233, '2018-01-27 20:11:44', '2018-01-27 20:11:44'),
	(19258, 20, 226, 234, '2018-01-27 20:11:44', '2018-01-27 20:11:44'),
	(19259, 20, 226, 235, '2018-01-27 20:11:44', '2018-01-27 20:11:44'),
	(19260, 20, 226, 236, '2018-01-27 20:11:44', '2018-01-27 20:11:44'),
	(19261, 20, 239, 240, '2018-01-27 20:11:44', '2018-01-27 20:11:44'),
	(19262, 20, 239, 241, '2018-01-27 20:11:44', '2018-01-27 20:11:44'),
	(19263, 20, 239, 242, '2018-01-27 20:11:44', '2018-01-27 20:11:44'),
	(19264, 20, 239, 243, '2018-01-27 20:11:44', '2018-01-27 20:11:44'),
	(19265, 20, 239, 244, '2018-01-27 20:11:44', '2018-01-27 20:11:44'),
	(19266, 20, 239, 245, '2018-01-27 20:11:44', '2018-01-27 20:11:44'),
	(19267, 20, 239, 246, '2018-01-27 20:11:44', '2018-01-27 20:11:44'),
	(19268, 20, 239, 247, '2018-01-27 20:11:44', '2018-01-27 20:11:44'),
	(19269, 20, 239, 248, '2018-01-27 20:11:44', '2018-01-27 20:11:44'),
	(19270, 20, 239, 249, '2018-01-27 20:11:44', '2018-01-27 20:11:44'),
	(19271, 20, 251, 252, '2018-01-27 20:11:44', '2018-01-27 20:11:44'),
	(19272, 20, 251, 253, '2018-01-27 20:11:44', '2018-01-27 20:11:44'),
	(19273, 20, 251, 254, '2018-01-27 20:11:44', '2018-01-27 20:11:44'),
	(19274, 20, 251, 255, '2018-01-27 20:11:44', '2018-01-27 20:11:44'),
	(19275, 20, 251, 256, '2018-01-27 20:11:44', '2018-01-27 20:11:44'),
	(19276, 20, 251, 257, '2018-01-27 20:11:44', '2018-01-27 20:11:44'),
	(19277, 20, 251, 258, '2018-01-27 20:11:44', '2018-01-27 20:11:44'),
	(19278, 20, 251, 259, '2018-01-27 20:11:44', '2018-01-27 20:11:44'),
	(19279, 20, 251, 260, '2018-01-27 20:11:44', '2018-01-27 20:11:44'),
	(19280, 20, 251, 261, '2018-01-27 20:11:44', '2018-01-27 20:11:44'),
	(19281, 20, 271, 272, '2018-01-27 20:11:44', '2018-01-27 20:11:44'),
	(19282, 20, 271, 273, '2018-01-27 20:11:44', '2018-01-27 20:11:44'),
	(19283, 20, 271, 274, '2018-01-27 20:11:44', '2018-01-27 20:11:44'),
	(19284, 20, 271, 275, '2018-01-27 20:11:44', '2018-01-27 20:11:44'),
	(19285, 20, 271, 276, '2018-01-27 20:11:44', '2018-01-27 20:11:44'),
	(19286, 20, 271, 277, '2018-01-27 20:11:44', '2018-01-27 20:11:44'),
	(19287, 20, 271, 278, '2018-01-27 20:11:44', '2018-01-27 20:11:44'),
	(19288, 20, 271, 279, '2018-01-27 20:11:44', '2018-01-27 20:11:44'),
	(19289, 20, 271, 280, '2018-01-27 20:11:44', '2018-01-27 20:11:44'),
	(19290, 20, 271, 281, '2018-01-27 20:11:44', '2018-01-27 20:11:44'),
	(19291, 20, 323, 324, '2018-01-27 20:11:44', '2018-01-27 20:11:44'),
	(19292, 20, 323, 325, '2018-01-27 20:11:44', '2018-01-27 20:11:44'),
	(19293, 20, 323, 326, '2018-01-27 20:11:44', '2018-01-27 20:11:44'),
	(19294, 20, 323, 327, '2018-01-27 20:11:44', '2018-01-27 20:11:44'),
	(19295, 20, 323, 328, '2018-01-27 20:11:44', '2018-01-27 20:11:44'),
	(19296, 20, 323, 329, '2018-01-27 20:11:44', '2018-01-27 20:11:44'),
	(19297, 20, 323, 330, '2018-01-27 20:11:44', '2018-01-27 20:11:44'),
	(19298, 20, 323, 331, '2018-01-27 20:11:44', '2018-01-27 20:11:44'),
	(19299, 20, 323, 332, '2018-01-27 20:11:44', '2018-01-27 20:11:44'),
	(19300, 20, 323, 333, '2018-01-27 20:11:44', '2018-01-27 20:11:44'),
	(19301, 20, 345, 346, '2018-01-27 20:11:44', '2018-01-27 20:11:44'),
	(19302, 20, 345, 347, '2018-01-27 20:11:44', '2018-01-27 20:11:44'),
	(19303, 20, 345, 348, '2018-01-27 20:11:44', '2018-01-27 20:11:44'),
	(19304, 20, 345, 349, '2018-01-27 20:11:44', '2018-01-27 20:11:44'),
	(19305, 20, 345, 350, '2018-01-27 20:11:44', '2018-01-27 20:11:44'),
	(19306, 20, 345, 351, '2018-01-27 20:11:44', '2018-01-27 20:11:44'),
	(19307, 20, 345, 352, '2018-01-27 20:11:44', '2018-01-27 20:11:44'),
	(19308, 20, 345, 353, '2018-01-27 20:11:44', '2018-01-27 20:11:44'),
	(19309, 20, 345, 354, '2018-01-27 20:11:44', '2018-01-27 20:11:44'),
	(19310, 20, 345, 355, '2018-01-27 20:11:44', '2018-01-27 20:11:44'),
	(19311, 20, 365, 366, '2018-01-27 20:11:44', '2018-01-27 20:11:44'),
	(19312, 20, 365, 367, '2018-01-27 20:11:44', '2018-01-27 20:11:44'),
	(19313, 20, 365, 368, '2018-01-27 20:11:44', '2018-01-27 20:11:44'),
	(19314, 20, 365, 369, '2018-01-27 20:11:44', '2018-01-27 20:11:44'),
	(19315, 20, 365, 370, '2018-01-27 20:11:44', '2018-01-27 20:11:44'),
	(19316, 20, 365, 371, '2018-01-27 20:11:44', '2018-01-27 20:11:44'),
	(19317, 20, 365, 372, '2018-01-27 20:11:44', '2018-01-27 20:11:44'),
	(19318, 20, 365, 373, '2018-01-27 20:11:44', '2018-01-27 20:11:44'),
	(19319, 20, 374, 375, '2018-01-27 20:11:44', '2018-01-27 20:11:44'),
	(19320, 20, 374, 376, '2018-01-27 20:11:44', '2018-01-27 20:11:44'),
	(19321, 20, 374, 377, '2018-01-27 20:11:44', '2018-01-27 20:11:44'),
	(19322, 20, 374, 378, '2018-01-27 20:11:44', '2018-01-27 20:11:44'),
	(19323, 20, 374, 379, '2018-01-27 20:11:44', '2018-01-27 20:11:44'),
	(19324, 20, 374, 380, '2018-01-27 20:11:44', '2018-01-27 20:11:44'),
	(19325, 20, 374, 381, '2018-01-27 20:11:44', '2018-01-27 20:11:44'),
	(19326, 20, 374, 382, '2018-01-27 20:11:44', '2018-01-27 20:11:44'),
	(19327, 20, 374, 383, '2018-01-27 20:11:44', '2018-01-27 20:11:44'),
	(19328, 20, 374, 384, '2018-01-27 20:11:44', '2018-01-27 20:11:44'),
	(19329, 20, 424, 425, '2018-01-27 20:11:44', '2018-01-27 20:11:44'),
	(19330, 20, 424, 426, '2018-01-27 20:11:44', '2018-01-27 20:11:44'),
	(19331, 20, 424, 427, '2018-01-27 20:11:44', '2018-01-27 20:11:44'),
	(19332, 20, 424, 428, '2018-01-27 20:11:44', '2018-01-27 20:11:44'),
	(19333, 20, 424, 429, '2018-01-27 20:11:44', '2018-01-27 20:11:44'),
	(19334, 21, 226, 227, '2018-01-27 20:11:44', '2018-01-27 20:11:44'),
	(19335, 21, 226, 228, '2018-01-27 20:11:44', '2018-01-27 20:11:44'),
	(19336, 21, 226, 229, '2018-01-27 20:11:44', '2018-01-27 20:11:44'),
	(19337, 21, 226, 230, '2018-01-27 20:11:44', '2018-01-27 20:11:44'),
	(19338, 21, 226, 231, '2018-01-27 20:11:44', '2018-01-27 20:11:44'),
	(19339, 21, 226, 232, '2018-01-27 20:11:44', '2018-01-27 20:11:44'),
	(19340, 21, 226, 233, '2018-01-27 20:11:44', '2018-01-27 20:11:44'),
	(19341, 21, 226, 234, '2018-01-27 20:11:44', '2018-01-27 20:11:44'),
	(19342, 21, 226, 235, '2018-01-27 20:11:44', '2018-01-27 20:11:44'),
	(19343, 21, 226, 236, '2018-01-27 20:11:44', '2018-01-27 20:11:44'),
	(19344, 21, 239, 240, '2018-01-27 20:11:44', '2018-01-27 20:11:44'),
	(19345, 21, 239, 241, '2018-01-27 20:11:44', '2018-01-27 20:11:44'),
	(19346, 21, 239, 242, '2018-01-27 20:11:44', '2018-01-27 20:11:44'),
	(19347, 21, 239, 243, '2018-01-27 20:11:44', '2018-01-27 20:11:44'),
	(19348, 21, 239, 244, '2018-01-27 20:11:44', '2018-01-27 20:11:44'),
	(19349, 21, 239, 245, '2018-01-27 20:11:44', '2018-01-27 20:11:44'),
	(19350, 21, 239, 246, '2018-01-27 20:11:44', '2018-01-27 20:11:44'),
	(19351, 21, 239, 247, '2018-01-27 20:11:44', '2018-01-27 20:11:44'),
	(19352, 21, 239, 248, '2018-01-27 20:11:44', '2018-01-27 20:11:44'),
	(19353, 21, 239, 249, '2018-01-27 20:11:44', '2018-01-27 20:11:44'),
	(19354, 21, 251, 252, '2018-01-27 20:11:44', '2018-01-27 20:11:44'),
	(19355, 21, 251, 253, '2018-01-27 20:11:44', '2018-01-27 20:11:44'),
	(19356, 21, 251, 254, '2018-01-27 20:11:44', '2018-01-27 20:11:44'),
	(19357, 21, 251, 255, '2018-01-27 20:11:44', '2018-01-27 20:11:44'),
	(19358, 21, 251, 256, '2018-01-27 20:11:44', '2018-01-27 20:11:44'),
	(19359, 21, 251, 257, '2018-01-27 20:11:44', '2018-01-27 20:11:44'),
	(19360, 21, 251, 258, '2018-01-27 20:11:44', '2018-01-27 20:11:44'),
	(19361, 21, 251, 259, '2018-01-27 20:11:44', '2018-01-27 20:11:44'),
	(19362, 21, 251, 260, '2018-01-27 20:11:44', '2018-01-27 20:11:44'),
	(19363, 21, 251, 261, '2018-01-27 20:11:44', '2018-01-27 20:11:44'),
	(19364, 21, 271, 272, '2018-01-27 20:11:44', '2018-01-27 20:11:44'),
	(19365, 21, 271, 273, '2018-01-27 20:11:44', '2018-01-27 20:11:44'),
	(19366, 21, 271, 274, '2018-01-27 20:11:44', '2018-01-27 20:11:44'),
	(19367, 21, 271, 275, '2018-01-27 20:11:44', '2018-01-27 20:11:44'),
	(19368, 21, 271, 276, '2018-01-27 20:11:44', '2018-01-27 20:11:44'),
	(19369, 21, 271, 277, '2018-01-27 20:11:44', '2018-01-27 20:11:44'),
	(19370, 21, 271, 278, '2018-01-27 20:11:44', '2018-01-27 20:11:44'),
	(19371, 21, 271, 279, '2018-01-27 20:11:44', '2018-01-27 20:11:44'),
	(19372, 21, 271, 280, '2018-01-27 20:11:44', '2018-01-27 20:11:44'),
	(19373, 21, 271, 281, '2018-01-27 20:11:44', '2018-01-27 20:11:44'),
	(19374, 21, 323, 324, '2018-01-27 20:11:44', '2018-01-27 20:11:44'),
	(19375, 21, 323, 325, '2018-01-27 20:11:44', '2018-01-27 20:11:44'),
	(19376, 21, 323, 326, '2018-01-27 20:11:44', '2018-01-27 20:11:44'),
	(19377, 21, 323, 327, '2018-01-27 20:11:44', '2018-01-27 20:11:44'),
	(19378, 21, 323, 328, '2018-01-27 20:11:44', '2018-01-27 20:11:44'),
	(19379, 21, 323, 329, '2018-01-27 20:11:44', '2018-01-27 20:11:44'),
	(19380, 21, 323, 330, '2018-01-27 20:11:44', '2018-01-27 20:11:44'),
	(19381, 21, 323, 331, '2018-01-27 20:11:44', '2018-01-27 20:11:44'),
	(19382, 21, 323, 332, '2018-01-27 20:11:44', '2018-01-27 20:11:44'),
	(19383, 21, 323, 333, '2018-01-27 20:11:44', '2018-01-27 20:11:44'),
	(19384, 21, 345, 346, '2018-01-27 20:11:44', '2018-01-27 20:11:44'),
	(19385, 21, 345, 347, '2018-01-27 20:11:44', '2018-01-27 20:11:44'),
	(19386, 21, 345, 348, '2018-01-27 20:11:44', '2018-01-27 20:11:44'),
	(19387, 21, 345, 349, '2018-01-27 20:11:44', '2018-01-27 20:11:44'),
	(19388, 21, 345, 350, '2018-01-27 20:11:44', '2018-01-27 20:11:44'),
	(19389, 21, 345, 351, '2018-01-27 20:11:44', '2018-01-27 20:11:44'),
	(19390, 21, 345, 352, '2018-01-27 20:11:44', '2018-01-27 20:11:44'),
	(19391, 21, 345, 353, '2018-01-27 20:11:44', '2018-01-27 20:11:44'),
	(19392, 21, 345, 354, '2018-01-27 20:11:44', '2018-01-27 20:11:44'),
	(19393, 21, 345, 355, '2018-01-27 20:11:44', '2018-01-27 20:11:44'),
	(19394, 21, 365, 366, '2018-01-27 20:11:44', '2018-01-27 20:11:44'),
	(19395, 21, 365, 367, '2018-01-27 20:11:44', '2018-01-27 20:11:44'),
	(19396, 21, 365, 368, '2018-01-27 20:11:44', '2018-01-27 20:11:44'),
	(19397, 21, 365, 369, '2018-01-27 20:11:44', '2018-01-27 20:11:44'),
	(19398, 21, 365, 370, '2018-01-27 20:11:44', '2018-01-27 20:11:44'),
	(19399, 21, 365, 371, '2018-01-27 20:11:44', '2018-01-27 20:11:44'),
	(19400, 21, 365, 372, '2018-01-27 20:11:44', '2018-01-27 20:11:44'),
	(19401, 21, 365, 373, '2018-01-27 20:11:44', '2018-01-27 20:11:44'),
	(19402, 21, 374, 375, '2018-01-27 20:11:44', '2018-01-27 20:11:44'),
	(19403, 21, 374, 376, '2018-01-27 20:11:44', '2018-01-27 20:11:44'),
	(19404, 21, 374, 377, '2018-01-27 20:11:44', '2018-01-27 20:11:44'),
	(19405, 21, 374, 378, '2018-01-27 20:11:44', '2018-01-27 20:11:44'),
	(19406, 21, 374, 379, '2018-01-27 20:11:44', '2018-01-27 20:11:44'),
	(19407, 21, 374, 380, '2018-01-27 20:11:44', '2018-01-27 20:11:44'),
	(19408, 21, 374, 381, '2018-01-27 20:11:44', '2018-01-27 20:11:44'),
	(19409, 21, 374, 382, '2018-01-27 20:11:44', '2018-01-27 20:11:44'),
	(19410, 21, 374, 383, '2018-01-27 20:11:44', '2018-01-27 20:11:44'),
	(19411, 21, 374, 384, '2018-01-27 20:11:44', '2018-01-27 20:11:44'),
	(19412, 21, 424, 425, '2018-01-27 20:11:44', '2018-01-27 20:11:44'),
	(19413, 21, 424, 426, '2018-01-27 20:11:44', '2018-01-27 20:11:44'),
	(19414, 21, 424, 427, '2018-01-27 20:11:44', '2018-01-27 20:11:44'),
	(19415, 21, 424, 428, '2018-01-27 20:11:44', '2018-01-27 20:11:44'),
	(19416, 21, 424, 429, '2018-01-27 20:11:44', '2018-01-27 20:11:44'),
	(19417, 25, 226, 227, '2018-01-27 20:11:44', '2018-01-27 20:11:44'),
	(19418, 25, 226, 228, '2018-01-27 20:11:44', '2018-01-27 20:11:44'),
	(19419, 25, 226, 229, '2018-01-27 20:11:44', '2018-01-27 20:11:44'),
	(19420, 25, 226, 230, '2018-01-27 20:11:44', '2018-01-27 20:11:44'),
	(19421, 25, 226, 231, '2018-01-27 20:11:44', '2018-01-27 20:11:44'),
	(19422, 25, 226, 232, '2018-01-27 20:11:44', '2018-01-27 20:11:44'),
	(19423, 25, 226, 233, '2018-01-27 20:11:44', '2018-01-27 20:11:44'),
	(19424, 25, 226, 234, '2018-01-27 20:11:44', '2018-01-27 20:11:44'),
	(19425, 25, 226, 235, '2018-01-27 20:11:44', '2018-01-27 20:11:44'),
	(19426, 25, 226, 236, '2018-01-27 20:11:44', '2018-01-27 20:11:44'),
	(19427, 25, 239, 240, '2018-01-27 20:11:44', '2018-01-27 20:11:44'),
	(19428, 25, 239, 241, '2018-01-27 20:11:44', '2018-01-27 20:11:44'),
	(19429, 25, 239, 242, '2018-01-27 20:11:44', '2018-01-27 20:11:44'),
	(19430, 25, 239, 243, '2018-01-27 20:11:44', '2018-01-27 20:11:44'),
	(19431, 25, 239, 244, '2018-01-27 20:11:44', '2018-01-27 20:11:44'),
	(19432, 25, 239, 245, '2018-01-27 20:11:44', '2018-01-27 20:11:44'),
	(19433, 25, 239, 246, '2018-01-27 20:11:44', '2018-01-27 20:11:44'),
	(19434, 25, 239, 247, '2018-01-27 20:11:44', '2018-01-27 20:11:44'),
	(19435, 25, 239, 248, '2018-01-27 20:11:44', '2018-01-27 20:11:44'),
	(19436, 25, 239, 249, '2018-01-27 20:11:44', '2018-01-27 20:11:44'),
	(19437, 25, 251, 252, '2018-01-27 20:11:44', '2018-01-27 20:11:44'),
	(19438, 25, 251, 253, '2018-01-27 20:11:44', '2018-01-27 20:11:44'),
	(19439, 25, 251, 254, '2018-01-27 20:11:44', '2018-01-27 20:11:44'),
	(19440, 25, 251, 255, '2018-01-27 20:11:44', '2018-01-27 20:11:44'),
	(19441, 25, 251, 256, '2018-01-27 20:11:44', '2018-01-27 20:11:44'),
	(19442, 25, 251, 257, '2018-01-27 20:11:44', '2018-01-27 20:11:44'),
	(19443, 25, 251, 258, '2018-01-27 20:11:44', '2018-01-27 20:11:44'),
	(19444, 25, 251, 259, '2018-01-27 20:11:44', '2018-01-27 20:11:44'),
	(19445, 25, 251, 260, '2018-01-27 20:11:44', '2018-01-27 20:11:44'),
	(19446, 25, 251, 261, '2018-01-27 20:11:44', '2018-01-27 20:11:44'),
	(19447, 25, 271, 272, '2018-01-27 20:11:44', '2018-01-27 20:11:44'),
	(19448, 25, 271, 273, '2018-01-27 20:11:44', '2018-01-27 20:11:44'),
	(19449, 25, 271, 274, '2018-01-27 20:11:44', '2018-01-27 20:11:44'),
	(19450, 25, 271, 275, '2018-01-27 20:11:44', '2018-01-27 20:11:44'),
	(19451, 25, 271, 276, '2018-01-27 20:11:44', '2018-01-27 20:11:44'),
	(19452, 25, 271, 277, '2018-01-27 20:11:44', '2018-01-27 20:11:44'),
	(19453, 25, 271, 278, '2018-01-27 20:11:44', '2018-01-27 20:11:44'),
	(19454, 25, 271, 279, '2018-01-27 20:11:44', '2018-01-27 20:11:44'),
	(19455, 25, 271, 280, '2018-01-27 20:11:44', '2018-01-27 20:11:44'),
	(19456, 25, 271, 281, '2018-01-27 20:11:44', '2018-01-27 20:11:44'),
	(19457, 25, 323, 324, '2018-01-27 20:11:44', '2018-01-27 20:11:44'),
	(19458, 25, 323, 325, '2018-01-27 20:11:44', '2018-01-27 20:11:44'),
	(19459, 25, 323, 326, '2018-01-27 20:11:44', '2018-01-27 20:11:44'),
	(19460, 25, 323, 327, '2018-01-27 20:11:44', '2018-01-27 20:11:44'),
	(19461, 25, 323, 328, '2018-01-27 20:11:44', '2018-01-27 20:11:44'),
	(19462, 25, 323, 329, '2018-01-27 20:11:44', '2018-01-27 20:11:44'),
	(19463, 25, 323, 330, '2018-01-27 20:11:44', '2018-01-27 20:11:44'),
	(19464, 25, 323, 331, '2018-01-27 20:11:44', '2018-01-27 20:11:44'),
	(19465, 25, 323, 332, '2018-01-27 20:11:44', '2018-01-27 20:11:44'),
	(19466, 25, 323, 333, '2018-01-27 20:11:44', '2018-01-27 20:11:44'),
	(19467, 25, 345, 346, '2018-01-27 20:11:44', '2018-01-27 20:11:44'),
	(19468, 25, 345, 347, '2018-01-27 20:11:44', '2018-01-27 20:11:44'),
	(19469, 25, 345, 348, '2018-01-27 20:11:44', '2018-01-27 20:11:44'),
	(19470, 25, 345, 349, '2018-01-27 20:11:44', '2018-01-27 20:11:44'),
	(19471, 25, 345, 350, '2018-01-27 20:11:44', '2018-01-27 20:11:44'),
	(19472, 25, 345, 351, '2018-01-27 20:11:44', '2018-01-27 20:11:44'),
	(19473, 25, 345, 352, '2018-01-27 20:11:44', '2018-01-27 20:11:44'),
	(19474, 25, 345, 353, '2018-01-27 20:11:44', '2018-01-27 20:11:44'),
	(19475, 25, 345, 354, '2018-01-27 20:11:44', '2018-01-27 20:11:44'),
	(19476, 25, 345, 355, '2018-01-27 20:11:44', '2018-01-27 20:11:44'),
	(19477, 25, 365, 366, '2018-01-27 20:11:44', '2018-01-27 20:11:44'),
	(19478, 25, 365, 367, '2018-01-27 20:11:44', '2018-01-27 20:11:44'),
	(19479, 25, 365, 368, '2018-01-27 20:11:44', '2018-01-27 20:11:44'),
	(19480, 25, 365, 369, '2018-01-27 20:11:44', '2018-01-27 20:11:44'),
	(19481, 25, 365, 370, '2018-01-27 20:11:44', '2018-01-27 20:11:44'),
	(19482, 25, 365, 371, '2018-01-27 20:11:44', '2018-01-27 20:11:44'),
	(19483, 25, 365, 372, '2018-01-27 20:11:44', '2018-01-27 20:11:44'),
	(19484, 25, 365, 373, '2018-01-27 20:11:44', '2018-01-27 20:11:44'),
	(19485, 25, 374, 375, '2018-01-27 20:11:44', '2018-01-27 20:11:44'),
	(19486, 25, 374, 376, '2018-01-27 20:11:44', '2018-01-27 20:11:44'),
	(19487, 25, 374, 377, '2018-01-27 20:11:44', '2018-01-27 20:11:44'),
	(19488, 25, 374, 378, '2018-01-27 20:11:44', '2018-01-27 20:11:44'),
	(19489, 25, 374, 379, '2018-01-27 20:11:44', '2018-01-27 20:11:44'),
	(19490, 25, 374, 380, '2018-01-27 20:11:44', '2018-01-27 20:11:44'),
	(19491, 25, 374, 381, '2018-01-27 20:11:44', '2018-01-27 20:11:44'),
	(19492, 25, 374, 382, '2018-01-27 20:11:44', '2018-01-27 20:11:44'),
	(19493, 25, 374, 383, '2018-01-27 20:11:44', '2018-01-27 20:11:44'),
	(19494, 25, 374, 384, '2018-01-27 20:11:44', '2018-01-27 20:11:44'),
	(19495, 25, 424, 425, '2018-01-27 20:11:44', '2018-01-27 20:11:44'),
	(19496, 25, 424, 426, '2018-01-27 20:11:44', '2018-01-27 20:11:44'),
	(19497, 25, 424, 427, '2018-01-27 20:11:44', '2018-01-27 20:11:44'),
	(19498, 25, 424, 428, '2018-01-27 20:11:44', '2018-01-27 20:11:44'),
	(19499, 25, 424, 429, '2018-01-27 20:11:44', '2018-01-27 20:11:44'),
	(19500, 30, 226, 227, '2018-01-27 20:11:44', '2018-01-27 20:11:44'),
	(19501, 30, 226, 228, '2018-01-27 20:11:44', '2018-01-27 20:11:44'),
	(19502, 30, 226, 229, '2018-01-27 20:11:44', '2018-01-27 20:11:44'),
	(19503, 30, 226, 230, '2018-01-27 20:11:44', '2018-01-27 20:11:44'),
	(19504, 30, 226, 231, '2018-01-27 20:11:44', '2018-01-27 20:11:44'),
	(19505, 30, 226, 232, '2018-01-27 20:11:44', '2018-01-27 20:11:44'),
	(19506, 30, 226, 233, '2018-01-27 20:11:44', '2018-01-27 20:11:44'),
	(19507, 30, 226, 234, '2018-01-27 20:11:44', '2018-01-27 20:11:44'),
	(19508, 30, 226, 235, '2018-01-27 20:11:44', '2018-01-27 20:11:44'),
	(19509, 30, 226, 236, '2018-01-27 20:11:44', '2018-01-27 20:11:44'),
	(19510, 30, 239, 240, '2018-01-27 20:11:44', '2018-01-27 20:11:44'),
	(19511, 30, 239, 241, '2018-01-27 20:11:44', '2018-01-27 20:11:44'),
	(19512, 30, 239, 242, '2018-01-27 20:11:44', '2018-01-27 20:11:44'),
	(19513, 30, 239, 243, '2018-01-27 20:11:44', '2018-01-27 20:11:44'),
	(19514, 30, 239, 244, '2018-01-27 20:11:44', '2018-01-27 20:11:44'),
	(19515, 30, 239, 245, '2018-01-27 20:11:44', '2018-01-27 20:11:44'),
	(19516, 30, 239, 246, '2018-01-27 20:11:44', '2018-01-27 20:11:44'),
	(19517, 30, 239, 247, '2018-01-27 20:11:44', '2018-01-27 20:11:44'),
	(19518, 30, 239, 248, '2018-01-27 20:11:44', '2018-01-27 20:11:44'),
	(19519, 30, 239, 249, '2018-01-27 20:11:44', '2018-01-27 20:11:44'),
	(19520, 30, 251, 252, '2018-01-27 20:11:44', '2018-01-27 20:11:44'),
	(19521, 30, 251, 253, '2018-01-27 20:11:44', '2018-01-27 20:11:44'),
	(19522, 30, 251, 254, '2018-01-27 20:11:44', '2018-01-27 20:11:44'),
	(19523, 30, 251, 255, '2018-01-27 20:11:44', '2018-01-27 20:11:44'),
	(19524, 30, 251, 256, '2018-01-27 20:11:44', '2018-01-27 20:11:44'),
	(19525, 30, 251, 257, '2018-01-27 20:11:44', '2018-01-27 20:11:44'),
	(19526, 30, 251, 258, '2018-01-27 20:11:44', '2018-01-27 20:11:44'),
	(19527, 30, 251, 259, '2018-01-27 20:11:44', '2018-01-27 20:11:44'),
	(19528, 30, 251, 260, '2018-01-27 20:11:44', '2018-01-27 20:11:44'),
	(19529, 30, 251, 261, '2018-01-27 20:11:44', '2018-01-27 20:11:44'),
	(19530, 30, 271, 272, '2018-01-27 20:11:44', '2018-01-27 20:11:44'),
	(19531, 30, 271, 273, '2018-01-27 20:11:44', '2018-01-27 20:11:44'),
	(19532, 30, 271, 274, '2018-01-27 20:11:44', '2018-01-27 20:11:44'),
	(19533, 30, 271, 275, '2018-01-27 20:11:44', '2018-01-27 20:11:44'),
	(19534, 30, 271, 276, '2018-01-27 20:11:44', '2018-01-27 20:11:44'),
	(19535, 30, 271, 277, '2018-01-27 20:11:44', '2018-01-27 20:11:44'),
	(19536, 30, 271, 278, '2018-01-27 20:11:44', '2018-01-27 20:11:44'),
	(19537, 30, 271, 279, '2018-01-27 20:11:44', '2018-01-27 20:11:44'),
	(19538, 30, 271, 280, '2018-01-27 20:11:44', '2018-01-27 20:11:44'),
	(19539, 30, 271, 281, '2018-01-27 20:11:44', '2018-01-27 20:11:44'),
	(19540, 30, 323, 324, '2018-01-27 20:11:44', '2018-01-27 20:11:44'),
	(19541, 30, 323, 325, '2018-01-27 20:11:44', '2018-01-27 20:11:44'),
	(19542, 30, 323, 326, '2018-01-27 20:11:44', '2018-01-27 20:11:44'),
	(19543, 30, 323, 327, '2018-01-27 20:11:44', '2018-01-27 20:11:44'),
	(19544, 30, 323, 328, '2018-01-27 20:11:44', '2018-01-27 20:11:44'),
	(19545, 30, 323, 329, '2018-01-27 20:11:44', '2018-01-27 20:11:44'),
	(19546, 30, 323, 330, '2018-01-27 20:11:44', '2018-01-27 20:11:44'),
	(19547, 30, 323, 331, '2018-01-27 20:11:44', '2018-01-27 20:11:44'),
	(19548, 30, 323, 332, '2018-01-27 20:11:44', '2018-01-27 20:11:44'),
	(19549, 30, 323, 333, '2018-01-27 20:11:44', '2018-01-27 20:11:44'),
	(19550, 30, 345, 346, '2018-01-27 20:11:44', '2018-01-27 20:11:44'),
	(19551, 30, 345, 347, '2018-01-27 20:11:44', '2018-01-27 20:11:44'),
	(19552, 30, 345, 348, '2018-01-27 20:11:44', '2018-01-27 20:11:44'),
	(19553, 30, 345, 349, '2018-01-27 20:11:44', '2018-01-27 20:11:44'),
	(19554, 30, 345, 350, '2018-01-27 20:11:44', '2018-01-27 20:11:44'),
	(19555, 30, 345, 351, '2018-01-27 20:11:44', '2018-01-27 20:11:44'),
	(19556, 30, 345, 352, '2018-01-27 20:11:44', '2018-01-27 20:11:44'),
	(19557, 30, 345, 353, '2018-01-27 20:11:44', '2018-01-27 20:11:44'),
	(19558, 30, 345, 354, '2018-01-27 20:11:44', '2018-01-27 20:11:44'),
	(19559, 30, 345, 355, '2018-01-27 20:11:44', '2018-01-27 20:11:44'),
	(19560, 30, 365, 366, '2018-01-27 20:11:44', '2018-01-27 20:11:44'),
	(19561, 30, 365, 367, '2018-01-27 20:11:44', '2018-01-27 20:11:44'),
	(19562, 30, 365, 368, '2018-01-27 20:11:44', '2018-01-27 20:11:44'),
	(19563, 30, 365, 369, '2018-01-27 20:11:44', '2018-01-27 20:11:44'),
	(19564, 30, 365, 370, '2018-01-27 20:11:44', '2018-01-27 20:11:44'),
	(19565, 30, 365, 371, '2018-01-27 20:11:44', '2018-01-27 20:11:44'),
	(19566, 30, 365, 372, '2018-01-27 20:11:44', '2018-01-27 20:11:44'),
	(19567, 30, 365, 373, '2018-01-27 20:11:44', '2018-01-27 20:11:44'),
	(19568, 30, 374, 375, '2018-01-27 20:11:44', '2018-01-27 20:11:44'),
	(19569, 30, 374, 376, '2018-01-27 20:11:44', '2018-01-27 20:11:44'),
	(19570, 30, 374, 377, '2018-01-27 20:11:44', '2018-01-27 20:11:44'),
	(19571, 30, 374, 378, '2018-01-27 20:11:44', '2018-01-27 20:11:44'),
	(19572, 30, 374, 379, '2018-01-27 20:11:44', '2018-01-27 20:11:44'),
	(19573, 30, 374, 380, '2018-01-27 20:11:44', '2018-01-27 20:11:44'),
	(19574, 30, 374, 381, '2018-01-27 20:11:44', '2018-01-27 20:11:44'),
	(19575, 30, 374, 382, '2018-01-27 20:11:44', '2018-01-27 20:11:44'),
	(19576, 30, 374, 383, '2018-01-27 20:11:44', '2018-01-27 20:11:44'),
	(19577, 30, 374, 384, '2018-01-27 20:11:44', '2018-01-27 20:11:44'),
	(19578, 30, 424, 425, '2018-01-27 20:11:44', '2018-01-27 20:11:44'),
	(19579, 30, 424, 426, '2018-01-27 20:11:44', '2018-01-27 20:11:44'),
	(19580, 30, 424, 427, '2018-01-27 20:11:44', '2018-01-27 20:11:44'),
	(19581, 30, 424, 428, '2018-01-27 20:11:44', '2018-01-27 20:11:44'),
	(19582, 30, 424, 429, '2018-01-27 20:11:44', '2018-01-27 20:11:44'),
	(19583, 34, 226, 227, '2018-01-27 20:11:44', '2018-01-27 20:11:44'),
	(19584, 34, 226, 228, '2018-01-27 20:11:44', '2018-01-27 20:11:44'),
	(19585, 34, 226, 229, '2018-01-27 20:11:44', '2018-01-27 20:11:44'),
	(19586, 34, 226, 230, '2018-01-27 20:11:44', '2018-01-27 20:11:44'),
	(19587, 34, 226, 231, '2018-01-27 20:11:44', '2018-01-27 20:11:44'),
	(19588, 34, 226, 232, '2018-01-27 20:11:44', '2018-01-27 20:11:44'),
	(19589, 34, 226, 233, '2018-01-27 20:11:44', '2018-01-27 20:11:44'),
	(19590, 34, 226, 234, '2018-01-27 20:11:44', '2018-01-27 20:11:44'),
	(19591, 34, 226, 235, '2018-01-27 20:11:44', '2018-01-27 20:11:44'),
	(19592, 34, 226, 236, '2018-01-27 20:11:44', '2018-01-27 20:11:44'),
	(19593, 34, 239, 240, '2018-01-27 20:11:44', '2018-01-27 20:11:44'),
	(19594, 34, 239, 241, '2018-01-27 20:11:44', '2018-01-27 20:11:44'),
	(19595, 34, 239, 242, '2018-01-27 20:11:44', '2018-01-27 20:11:44'),
	(19596, 34, 239, 243, '2018-01-27 20:11:44', '2018-01-27 20:11:44'),
	(19597, 34, 239, 244, '2018-01-27 20:11:44', '2018-01-27 20:11:44'),
	(19598, 34, 239, 245, '2018-01-27 20:11:44', '2018-01-27 20:11:44'),
	(19599, 34, 239, 246, '2018-01-27 20:11:44', '2018-01-27 20:11:44'),
	(19600, 34, 239, 247, '2018-01-27 20:11:44', '2018-01-27 20:11:44'),
	(19601, 34, 239, 248, '2018-01-27 20:11:44', '2018-01-27 20:11:44'),
	(19602, 34, 239, 249, '2018-01-27 20:11:44', '2018-01-27 20:11:44'),
	(19603, 34, 251, 252, '2018-01-27 20:11:44', '2018-01-27 20:11:44'),
	(19604, 34, 251, 253, '2018-01-27 20:11:44', '2018-01-27 20:11:44'),
	(19605, 34, 251, 254, '2018-01-27 20:11:44', '2018-01-27 20:11:44'),
	(19606, 34, 251, 255, '2018-01-27 20:11:44', '2018-01-27 20:11:44'),
	(19607, 34, 251, 256, '2018-01-27 20:11:44', '2018-01-27 20:11:44'),
	(19608, 34, 251, 257, '2018-01-27 20:11:44', '2018-01-27 20:11:44'),
	(19609, 34, 251, 258, '2018-01-27 20:11:44', '2018-01-27 20:11:44'),
	(19610, 34, 251, 259, '2018-01-27 20:11:44', '2018-01-27 20:11:44'),
	(19611, 34, 251, 260, '2018-01-27 20:11:44', '2018-01-27 20:11:44'),
	(19612, 34, 251, 261, '2018-01-27 20:11:44', '2018-01-27 20:11:44'),
	(19613, 34, 271, 272, '2018-01-27 20:11:44', '2018-01-27 20:11:44'),
	(19614, 34, 271, 273, '2018-01-27 20:11:44', '2018-01-27 20:11:44'),
	(19615, 34, 271, 274, '2018-01-27 20:11:44', '2018-01-27 20:11:44'),
	(19616, 34, 271, 275, '2018-01-27 20:11:44', '2018-01-27 20:11:44'),
	(19617, 34, 271, 276, '2018-01-27 20:11:44', '2018-01-27 20:11:44'),
	(19618, 34, 271, 277, '2018-01-27 20:11:44', '2018-01-27 20:11:44'),
	(19619, 34, 271, 278, '2018-01-27 20:11:44', '2018-01-27 20:11:44'),
	(19620, 34, 271, 279, '2018-01-27 20:11:44', '2018-01-27 20:11:44'),
	(19621, 34, 271, 280, '2018-01-27 20:11:44', '2018-01-27 20:11:44'),
	(19622, 34, 271, 281, '2018-01-27 20:11:44', '2018-01-27 20:11:44'),
	(19623, 34, 323, 324, '2018-01-27 20:11:44', '2018-01-27 20:11:44'),
	(19624, 34, 323, 325, '2018-01-27 20:11:44', '2018-01-27 20:11:44'),
	(19625, 34, 323, 326, '2018-01-27 20:11:44', '2018-01-27 20:11:44'),
	(19626, 34, 323, 327, '2018-01-27 20:11:44', '2018-01-27 20:11:44'),
	(19627, 34, 323, 328, '2018-01-27 20:11:44', '2018-01-27 20:11:44'),
	(19628, 34, 323, 329, '2018-01-27 20:11:44', '2018-01-27 20:11:44'),
	(19629, 34, 323, 330, '2018-01-27 20:11:44', '2018-01-27 20:11:44'),
	(19630, 34, 323, 331, '2018-01-27 20:11:44', '2018-01-27 20:11:44'),
	(19631, 34, 323, 332, '2018-01-27 20:11:44', '2018-01-27 20:11:44'),
	(19632, 34, 323, 333, '2018-01-27 20:11:44', '2018-01-27 20:11:44'),
	(19633, 34, 345, 346, '2018-01-27 20:11:44', '2018-01-27 20:11:44'),
	(19634, 34, 345, 347, '2018-01-27 20:11:44', '2018-01-27 20:11:44'),
	(19635, 34, 345, 348, '2018-01-27 20:11:44', '2018-01-27 20:11:44'),
	(19636, 34, 345, 349, '2018-01-27 20:11:44', '2018-01-27 20:11:44'),
	(19637, 34, 345, 350, '2018-01-27 20:11:44', '2018-01-27 20:11:44'),
	(19638, 34, 345, 351, '2018-01-27 20:11:44', '2018-01-27 20:11:44'),
	(19639, 34, 345, 352, '2018-01-27 20:11:44', '2018-01-27 20:11:44'),
	(19640, 34, 345, 353, '2018-01-27 20:11:44', '2018-01-27 20:11:44'),
	(19641, 34, 345, 354, '2018-01-27 20:11:44', '2018-01-27 20:11:44'),
	(19642, 34, 345, 355, '2018-01-27 20:11:44', '2018-01-27 20:11:44'),
	(19643, 34, 365, 366, '2018-01-27 20:11:44', '2018-01-27 20:11:44'),
	(19644, 34, 365, 367, '2018-01-27 20:11:44', '2018-01-27 20:11:44'),
	(19645, 34, 365, 368, '2018-01-27 20:11:44', '2018-01-27 20:11:44'),
	(19646, 34, 365, 369, '2018-01-27 20:11:44', '2018-01-27 20:11:44'),
	(19647, 34, 365, 370, '2018-01-27 20:11:44', '2018-01-27 20:11:44'),
	(19648, 34, 365, 371, '2018-01-27 20:11:44', '2018-01-27 20:11:44'),
	(19649, 34, 365, 372, '2018-01-27 20:11:44', '2018-01-27 20:11:44'),
	(19650, 34, 365, 373, '2018-01-27 20:11:44', '2018-01-27 20:11:44'),
	(19651, 34, 374, 375, '2018-01-27 20:11:44', '2018-01-27 20:11:44'),
	(19652, 34, 374, 376, '2018-01-27 20:11:44', '2018-01-27 20:11:44'),
	(19653, 34, 374, 377, '2018-01-27 20:11:44', '2018-01-27 20:11:44'),
	(19654, 34, 374, 378, '2018-01-27 20:11:44', '2018-01-27 20:11:44'),
	(19655, 34, 374, 379, '2018-01-27 20:11:44', '2018-01-27 20:11:44'),
	(19656, 34, 374, 380, '2018-01-27 20:11:44', '2018-01-27 20:11:44'),
	(19657, 34, 374, 381, '2018-01-27 20:11:44', '2018-01-27 20:11:44'),
	(19658, 34, 374, 382, '2018-01-27 20:11:44', '2018-01-27 20:11:44'),
	(19659, 34, 374, 383, '2018-01-27 20:11:44', '2018-01-27 20:11:44'),
	(19660, 34, 374, 384, '2018-01-27 20:11:44', '2018-01-27 20:11:44'),
	(19661, 34, 424, 425, '2018-01-27 20:11:44', '2018-01-27 20:11:44'),
	(19662, 34, 424, 426, '2018-01-27 20:11:44', '2018-01-27 20:11:44'),
	(19663, 34, 424, 427, '2018-01-27 20:11:44', '2018-01-27 20:11:44'),
	(19664, 34, 424, 428, '2018-01-27 20:11:44', '2018-01-27 20:11:44'),
	(19665, 34, 424, 429, '2018-01-27 20:11:44', '2018-01-27 20:11:44'),
	(19666, 35, 226, 227, '2018-01-27 20:11:44', '2018-01-27 20:11:44'),
	(19667, 35, 226, 228, '2018-01-27 20:11:44', '2018-01-27 20:11:44'),
	(19668, 35, 226, 229, '2018-01-27 20:11:44', '2018-01-27 20:11:44'),
	(19669, 35, 226, 230, '2018-01-27 20:11:44', '2018-01-27 20:11:44'),
	(19670, 35, 226, 231, '2018-01-27 20:11:44', '2018-01-27 20:11:44'),
	(19671, 35, 226, 232, '2018-01-27 20:11:44', '2018-01-27 20:11:44'),
	(19672, 35, 226, 233, '2018-01-27 20:11:44', '2018-01-27 20:11:44'),
	(19673, 35, 226, 234, '2018-01-27 20:11:44', '2018-01-27 20:11:44'),
	(19674, 35, 226, 235, '2018-01-27 20:11:44', '2018-01-27 20:11:44'),
	(19675, 35, 226, 236, '2018-01-27 20:11:44', '2018-01-27 20:11:44'),
	(19676, 35, 239, 240, '2018-01-27 20:11:44', '2018-01-27 20:11:44'),
	(19677, 35, 239, 241, '2018-01-27 20:11:44', '2018-01-27 20:11:44'),
	(19678, 35, 239, 242, '2018-01-27 20:11:44', '2018-01-27 20:11:44'),
	(19679, 35, 239, 243, '2018-01-27 20:11:44', '2018-01-27 20:11:44'),
	(19680, 35, 239, 244, '2018-01-27 20:11:44', '2018-01-27 20:11:44'),
	(19681, 35, 239, 245, '2018-01-27 20:11:44', '2018-01-27 20:11:44'),
	(19682, 35, 239, 246, '2018-01-27 20:11:44', '2018-01-27 20:11:44'),
	(19683, 35, 239, 247, '2018-01-27 20:11:44', '2018-01-27 20:11:44'),
	(19684, 35, 239, 248, '2018-01-27 20:11:44', '2018-01-27 20:11:44'),
	(19685, 35, 239, 249, '2018-01-27 20:11:44', '2018-01-27 20:11:44'),
	(19686, 35, 251, 252, '2018-01-27 20:11:44', '2018-01-27 20:11:44'),
	(19687, 35, 251, 253, '2018-01-27 20:11:44', '2018-01-27 20:11:44'),
	(19688, 35, 251, 254, '2018-01-27 20:11:44', '2018-01-27 20:11:44'),
	(19689, 35, 251, 255, '2018-01-27 20:11:44', '2018-01-27 20:11:44'),
	(19690, 35, 251, 256, '2018-01-27 20:11:44', '2018-01-27 20:11:44'),
	(19691, 35, 251, 257, '2018-01-27 20:11:44', '2018-01-27 20:11:44'),
	(19692, 35, 251, 258, '2018-01-27 20:11:44', '2018-01-27 20:11:44'),
	(19693, 35, 251, 259, '2018-01-27 20:11:44', '2018-01-27 20:11:44'),
	(19694, 35, 251, 260, '2018-01-27 20:11:44', '2018-01-27 20:11:44'),
	(19695, 35, 251, 261, '2018-01-27 20:11:44', '2018-01-27 20:11:44'),
	(19696, 35, 271, 272, '2018-01-27 20:11:44', '2018-01-27 20:11:44'),
	(19697, 35, 271, 273, '2018-01-27 20:11:44', '2018-01-27 20:11:44'),
	(19698, 35, 271, 274, '2018-01-27 20:11:44', '2018-01-27 20:11:44'),
	(19699, 35, 271, 275, '2018-01-27 20:11:44', '2018-01-27 20:11:44'),
	(19700, 35, 271, 276, '2018-01-27 20:11:44', '2018-01-27 20:11:44'),
	(19701, 35, 271, 277, '2018-01-27 20:11:44', '2018-01-27 20:11:44'),
	(19702, 35, 271, 278, '2018-01-27 20:11:44', '2018-01-27 20:11:44'),
	(19703, 35, 271, 279, '2018-01-27 20:11:44', '2018-01-27 20:11:44'),
	(19704, 35, 271, 280, '2018-01-27 20:11:44', '2018-01-27 20:11:44'),
	(19705, 35, 271, 281, '2018-01-27 20:11:44', '2018-01-27 20:11:44'),
	(19706, 35, 323, 324, '2018-01-27 20:11:44', '2018-01-27 20:11:44'),
	(19707, 35, 323, 325, '2018-01-27 20:11:44', '2018-01-27 20:11:44'),
	(19708, 35, 323, 326, '2018-01-27 20:11:44', '2018-01-27 20:11:44'),
	(19709, 35, 323, 327, '2018-01-27 20:11:44', '2018-01-27 20:11:44'),
	(19710, 35, 323, 328, '2018-01-27 20:11:44', '2018-01-27 20:11:44'),
	(19711, 35, 323, 329, '2018-01-27 20:11:44', '2018-01-27 20:11:44'),
	(19712, 35, 323, 330, '2018-01-27 20:11:44', '2018-01-27 20:11:44'),
	(19713, 35, 323, 331, '2018-01-27 20:11:44', '2018-01-27 20:11:44'),
	(19714, 35, 323, 332, '2018-01-27 20:11:44', '2018-01-27 20:11:44'),
	(19715, 35, 323, 333, '2018-01-27 20:11:44', '2018-01-27 20:11:44'),
	(19716, 35, 345, 346, '2018-01-27 20:11:44', '2018-01-27 20:11:44'),
	(19717, 35, 345, 347, '2018-01-27 20:11:44', '2018-01-27 20:11:44'),
	(19718, 35, 345, 348, '2018-01-27 20:11:44', '2018-01-27 20:11:44'),
	(19719, 35, 345, 349, '2018-01-27 20:11:44', '2018-01-27 20:11:44'),
	(19720, 35, 345, 350, '2018-01-27 20:11:44', '2018-01-27 20:11:44'),
	(19721, 35, 345, 351, '2018-01-27 20:11:44', '2018-01-27 20:11:44'),
	(19722, 35, 345, 352, '2018-01-27 20:11:44', '2018-01-27 20:11:44'),
	(19723, 35, 345, 353, '2018-01-27 20:11:44', '2018-01-27 20:11:44'),
	(19724, 35, 345, 354, '2018-01-27 20:11:44', '2018-01-27 20:11:44'),
	(19725, 35, 345, 355, '2018-01-27 20:11:44', '2018-01-27 20:11:44'),
	(19726, 35, 365, 366, '2018-01-27 20:11:44', '2018-01-27 20:11:44'),
	(19727, 35, 365, 367, '2018-01-27 20:11:44', '2018-01-27 20:11:44'),
	(19728, 35, 365, 368, '2018-01-27 20:11:44', '2018-01-27 20:11:44'),
	(19729, 35, 365, 369, '2018-01-27 20:11:44', '2018-01-27 20:11:44'),
	(19730, 35, 365, 370, '2018-01-27 20:11:44', '2018-01-27 20:11:44'),
	(19731, 35, 365, 371, '2018-01-27 20:11:44', '2018-01-27 20:11:44'),
	(19732, 35, 365, 372, '2018-01-27 20:11:44', '2018-01-27 20:11:44'),
	(19733, 35, 365, 373, '2018-01-27 20:11:44', '2018-01-27 20:11:44'),
	(19734, 35, 374, 375, '2018-01-27 20:11:44', '2018-01-27 20:11:44'),
	(19735, 35, 374, 376, '2018-01-27 20:11:44', '2018-01-27 20:11:44'),
	(19736, 35, 374, 377, '2018-01-27 20:11:44', '2018-01-27 20:11:44'),
	(19737, 35, 374, 378, '2018-01-27 20:11:44', '2018-01-27 20:11:44'),
	(19738, 35, 374, 379, '2018-01-27 20:11:44', '2018-01-27 20:11:44'),
	(19739, 35, 374, 380, '2018-01-27 20:11:44', '2018-01-27 20:11:44'),
	(19740, 35, 374, 381, '2018-01-27 20:11:44', '2018-01-27 20:11:44'),
	(19741, 35, 374, 382, '2018-01-27 20:11:44', '2018-01-27 20:11:44'),
	(19742, 35, 374, 383, '2018-01-27 20:11:44', '2018-01-27 20:11:44'),
	(19743, 35, 374, 384, '2018-01-27 20:11:44', '2018-01-27 20:11:44'),
	(19744, 35, 424, 425, '2018-01-27 20:11:44', '2018-01-27 20:11:44'),
	(19745, 35, 424, 426, '2018-01-27 20:11:44', '2018-01-27 20:11:44'),
	(19746, 35, 424, 427, '2018-01-27 20:11:44', '2018-01-27 20:11:44'),
	(19747, 35, 424, 428, '2018-01-27 20:11:44', '2018-01-27 20:11:44'),
	(19748, 35, 424, 429, '2018-01-27 20:11:44', '2018-01-27 20:11:44'),
	(19749, 44, 226, 227, '2018-01-27 20:11:44', '2018-01-27 20:11:44'),
	(19750, 44, 226, 228, '2018-01-27 20:11:44', '2018-01-27 20:11:44'),
	(19751, 44, 226, 229, '2018-01-27 20:11:44', '2018-01-27 20:11:44'),
	(19752, 44, 226, 230, '2018-01-27 20:11:44', '2018-01-27 20:11:44');

-- 物料领用添加字段
ALTER TABLE `pig_doctor`.`doctor_warehouse_material_apply`
ADD COLUMN `org_id` BIGINT(20) NULL COMMENT '公司ID' AFTER `material_handle_id`,
ADD COLUMN `pig_type` SMALLINT(6) NULL COMMENT '猪舍类型' AFTER `pig_barn_name`;

-- 补上新增的公司ID字段的值
update doctor_warehouse_material_apply t1 LEFT JOIN doctor_farms t2 on t1.farm_id=t2.id set t1.org_id=t2.org_id where t1.org_id is NULL;
-- 补上新增的猪舍类型字段的值
update doctor_warehouse_material_apply t1 LEFT JOIN doctor_barns t2 on t1.pig_barn_id=t2.id set t1.pig_type=t2.pig_type where t1.pig_type is NULL;

-- 刷新历史的猪群转场转入
update
doctor_group_events a left join doctor_group_events b on a.rel_group_event_id = b.id
set a.in_type = 5, a.extra = replace(replace(a.extra, '"inType":3', '"inType":5'), '群间转移', '转场转入')
where a.type = 2 and b.type = 9 and a.status = 1;